date,customer_id,company_size,region,acquisition_channel,plan,monthly_revenue,product_usage_score,support_tickets,churned,signup_source,sales_cycle_days,discount_percentage,nps_score
2024-01-01,CUST-00001,SMB,North America,Content,Growth,491.30,66.2,1,0.0,Newsletter,,0.0,21
2024-01-01,CUST-00026,Mid-Market,Europe,Paid Social,Business,1246.81,45.4,6,0.0,Meta Ads,25,28.2,-20
2024-01-01,CUST-00040,SMB,North America,Paid Search,Starter,118.01,48.9,4,0.0,Google Ads,9,10.7,15
2024-01-01,CUST-00052,Mid-Market,North America,Referral,Business,4394.12,93.6,2,0.0,Customer Referral,29,0.0,68
2024-01-02,CUST-00015,Enterprise,APAC,Partner,Enterprise,13183.87,85.1,5,1.0,Reseller,85,6.9,29
2024-01-03,CUST-00007,Mid-Market,Europe,Referral,Business,2219.48,83.0,2,0.0,Founder Network,13,0.0,63
2024-01-04,CUST-00031,Enterprise,Europe,Organic Search,Business,3038.57,80.7,1,0.0,Blog,63,,59
2024-01-04,CUST-00041,Enterprise,Europe,Referral,Business,4238.78,75.3,6,0.0,Customer Referral,102,3.1,
2024-01-04,CUST-00054,Mid-Market,North America,Organic Search,Growth,1052.19,99.0,4,0.0,Website SEO,33,,
2024-01-04,CUST-00055,Mid-Market,North America,Organic Search,Business,1965.55,77.1,2,0.0,Website SEO,45,,49
2024-01-05,CUST-00035,SMB,Europe,Organic Search,Growth,364.45,56.9,0,0.0,Website SEO,19,0.0,21
2024-01-06,CUST-00008,Mid-Market,North America,Referral,Business,2730.97,86.8,1,0.0,Customer Referral,26,7.4,78
2024-01-06,CUST-00009,Mid-Market,North America,Organic Search,Business,1810.10,77.7,5,0.0,Website SEO,29,4.6,55
2024-01-06,CUST-00025,SMB,Europe,Referral,Growth,666.27,70.9,0,0.0,Customer Referral,13,10.1,33
2024-01-10,CUST-00030,SMB,Middle East & Africa,Organic Search,Growth,403.92,70.0,2,0.0,Website SEO,9,4.8,51
2024-01-10,CUST-00050,Mid-Market,North America,Partner,Business,3457.79,78.8,5,0.0,Solutions Partner,50,16.3,62
2024-01-11,CUST-00012,Enterprise,APAC,Partner,Enterprise,20580.01,99.0,2,0.0,Reseller,51,,95
2024-01-11,CUST-00013,Enterprise,North America,Referral,Business,2746.11,99.0,2,0.0,Customer Referral,74,0.0,92
2024-01-11,CUST-00017,Mid-Market,North America,Paid Search,Business,2916.99,75.3,4,0.0,Google Ads,40,9.9,36
2024-01-11,CUST-00027,Mid-Market,North America,Content,Growth,992.70,70.7,,0.0,Newsletter,29,7.5,57
2024-01-14,CUST-00002,Mid-Market,Latin America,Paid Search,Enterprise,9992.99,89.3,0,0.0,Google Ads,66,23.2,63
2024-01-14,CUST-00051,Enterprise,North America,Referral,Business,1699.30,99.0,4,0.0,Customer Referral,85,5.9,87
2024-01-15,CUST-00004,Mid-Market,North America,Organic Search,Growth,596.13,91.3,2,0.0,Marketplace,,0.9,
2024-01-15,CUST-00005,Enterprise,North America,Organic Search,Enterprise,21185.02,77.6,2,0.0,Website SEO,105,3.4,55
2024-01-15,CUST-00046,SMB,North America,Organic Search,Starter,206.30,59.4,8,1.0,Blog,,1.4,-15
2024-01-16,CUST-00056,Enterprise,APAC,Paid Search,Business,2949.42,71.9,3,0.0,Bing Ads,103,14.6,48
2024-01-17,CUST-00022,SMB,Europe,Organic Search,Starter,87.27,73.9,3,0.0,Blog,13,0.0,55
2024-01-17,CUST-00039,SMB,Europe,Referral,Growth,701.02,,4,1.0,Founder Network,6,,15
2024-01-18,CUST-00045,Enterprise,North America,Paid Search,Business,4130.03,80.9,7,0.0,Google Ads,83,12.1,32
2024-01-18,CUST-00058,Mid-Market,Europe,Partner,Business,1913.19,76.3,2,0.0,Solutions Partner,88,13.6,59
2024-01-19,CUST-00019,Mid-Market,Middle East & Africa,Content,Business,1700.35,90.8,0,0.0,Webinar,37,0.0,71
2024-01-19,CUST-00048,SMB,Europe,Paid Search,Business,2648.71,46.4,1,0.0,Bing Ads,,9.7,14
2024-01-20,CUST-00014,SMB,North America,Referral,Starter,190.33,64.9,1,0.0,Customer Referral,14,4.4,44
2024-01-21,CUST-00036,Enterprise,Middle East & Africa,Partner,Business,1209.01,89.0,3,0.0,Solutions Partner,100,13.3,51
2024-01-21,CUST-00043,SMB,North America,Organic Search,Starter,243.97,81.1,1,0.0,Website SEO,16,0.0,64
2024-01-21,CUST-00059,SMB,Europe,Referral,Starter,127.31,57.7,2,0.0,Founder Network,14,0.0,18
2024-01-22,CUST-00020,Mid-Market,North America,Partner,Enterprise,15990.38,86.1,1,0.0,Reseller,85,16.1,53
2024-01-22,CUST-00028,SMB,North America,Paid Social,Starter,171.40,43.4,4,0.0,Retargeting,6,15.6,1
2024-01-22,CUST-00034,SMB,Europe,Paid Social,Starter,167.11,16.7,8,1.0,LinkedIn Ads,3,22.6,
2024-01-22,CUST-00037,SMB,APAC,Content,Growth,289.94,63.0,2,0.0,Whitepaper,15,14.9,18
2024-01-23,CUST-00032,Mid-Market,North America,Referral,Business,2375.93,97.5,1,0.0,Customer Referral,,8.8,94
2024-01-24,CUST-00053,SMB,APAC,Organic Search,Starter,155.82,81.5,0,0.0,Website SEO,10,2.5,
2024-01-26,CUST-00010,SMB,North America,Paid Social,Starter,89.67,44.9,4,0.0,LinkedIn Ads,7,23.0,-2
2024-01-26,CUST-00044,Mid-Market,APAC,Referral,Growth,420.22,,2,0.0,Customer Referral,44,7.3,50
2024-01-27,CUST-00023,Enterprise,APAC,Partner,Enterprise,9308.31,82.9,3,0.0,Solutions Partner,50,18.3,58
2024-01-28,CUST-00033,Mid-Market,North America,Organic Search,Business,3708.53,83.8,2,0.0,Blog,39,5.2,63
2024-01-29,CUST-00003,Mid-Market,North America,Paid Social,Business,2156.19,69.0,3,0.0,Meta Ads,,20.6,
2024-01-29,CUST-00011,Mid-Market,North America,Organic Search,Growth,735.72,77.5,1,0.0,Website SEO,63,7.3,
2024-01-29,CUST-00018,Enterprise,North America,Partner,Business,3766.25,75.2,4,0.0,Solutions Partner,102,14.7,33
2024-01-29,CUST-00038,SMB,North America,Paid Search,Growth,472.88,64.2,2,0.0,Google Ads,1,15.8,9
2024-01-29,CUST-00042,Enterprise,North America,Referral,Enterprise,31829.14,98.9,3,0.0,Founder Network,92,8.7,74
2024-01-30,CUST-00006,Enterprise,North America,Paid Search,Enterprise,25615.83,97.9,5,0.0,Retargeting,87,19.6,60
2024-01-30,CUST-00016,Enterprise,North America,Paid Search,Enterprise,25673.96,62.9,3,0.0,Google Ads,76,26.8,30
2024-01-30,CUST-00021,SMB,North America,Paid Search,Starter,100.70,64.2,1,0.0,Google Ads,13,17.1,24
2024-01-30,CUST-00024,SMB,Middle East & Africa,Paid Search,Business,801.70,68.8,3,0.0,Google Ads,,13.1,22
2024-01-31,CUST-00029,Mid-Market,Europe,Paid Search,Growth,521.28,48.0,6,1.0,Bing Ads,,9.1,-37
2024-01-31,CUST-00047,Enterprise,North America,Partner,Enterprise,116798.66,79.4,2,0.0,Solutions Partner,88,23.1,52
2024-01-31,CUST-00049,SMB,North America,Organic Search,Starter,141.40,41.4,2,1.0,Website SEO,10,0.0,-21
2024-01-31,CUST-00057,SMB,Latin America,Referral,Growth,236.16,68.9,4,0.0,Customer Referral,12,2.9,48
2024-02-01,CUST-00101,Mid-Market,Europe,Paid Search,Business,3286.12,85.0,3,0.0,Google Ads,36,21.9,49
2024-02-02,CUST-00066,Mid-Market,Europe,Organic Search,Business,2490.37,62.4,0,0.0,Website SEO,44,0.0,39
2024-02-02,CUST-00081,SMB,APAC,Organic Search,Starter,183.86,48.6,2,0.0,Website SEO,11,1.2,3
2024-02-02,CUST-00107,SMB,APAC,Organic Search,Growth,480.65,75.2,1,0.0,Website SEO,10,1.7,66
2024-02-02,CUST-00111,Mid-Market,Europe,Referral,Growth,448.98,72.9,1,0.0,Customer Referral,49,0.0,
2024-02-03,CUST-00060,Enterprise,North America,Referral,Enterprise,11936.96,92.6,2,0.0,Customer Referral,122,8.7,89
2024-02-03,CUST-00109,SMB,North America,Organic Search,Business,3283.29,60.2,1,0.0,Blog,6,3.3,37
2024-02-04,CUST-00085,Mid-Market,Europe,Paid Search,Business,2127.02,75.2,3,0.0,Google Ads,28,10.3,
2024-02-06,CUST-00096,SMB,North America,Paid Search,Starter,73.76,38.2,6,0.0,Google Ads,3,13.8,-34
2024-02-06,CUST-00100,SMB,North America,Paid Search,Growth,413.71,61.6,2,0.0,Google Ads,4,,
2024-02-07,CUST-00098,Mid-Market,North America,Paid Search,Growth,484.69,74.7,4,0.0,Google Ads,39,6.5,24
2024-02-08,CUST-00072,SMB,North America,Organic Search,Growth,942.57,58.1,2,0.0,Website SEO,9,0.7,26
2024-02-08,CUST-00075,Enterprise,APAC,Organic Search,Enterprise,13350.69,85.3,1,0.0,Website SEO,103,3.1,75
2024-02-08,CUST-00110,Mid-Market,APAC,Referral,Growth,771.19,71.9,1,0.0,Customer Referral,34,6.1,55
2024-02-10,CUST-00078,Mid-Market,North America,Paid Search,Business,1492.82,51.9,,1.0,Google Ads,39,6.3,-36
2024-02-10,CUST-00104,SMB,Latin America,Organic Search,Growth,273.19,74.9,0,0.0,Website SEO,13,4.4,
2024-02-13,CUST-00097,SMB,APAC,Organic Search,Starter,162.36,48.4,5,0.0,Website SEO,,4.6,1
2024-02-13,CUST-00112,Mid-Market,Latin America,Paid Social,Business,891.07,70.3,3,0.0,,57,20.2,44
2024-02-14,CUST-00065,SMB,North America,Paid Social,Starter,158.59,50.1,9,1.0,LinkedIn Ads,,,-44
2024-02-14,CUST-00067,Enterprise,APAC,Organic Search,Business,1692.36,88.6,3,0.0,Website SEO,63,14.1,66
2024-02-14,CUST-00119,SMB,Europe,Referral,Starter,173.97,79.5,0,0.0,Customer Referral,16,8.4,71
2024-02-15,CUST-00070,SMB,Europe,Organic Search,Growth,576.44,69.6,1,0.0,Blog,17,,58
2024-02-16,CUST-00069,SMB,North America,Organic Search,Growth,639.02,71.8,,0.0,Website SEO,18,0.0,28
2024-02-16,CUST-00073,SMB,North America,Organic Search,Starter,111.86,61.6,1,0.0,Website SEO,6,1.3,
2024-02-16,CUST-00093,SMB,North America,Paid Search,Growth,384.11,54.9,3,0.0,Google Ads,,13.7,36
2024-02-16,CUST-00105,Mid-Market,Europe,Content,Growth,775.23,99.0,3,0.0,Webinar,22,13.4,62
2024-02-17,CUST-00087,Mid-Market,North America,Partner,Business,3712.27,75.7,3,0.0,Solutions Partner,55,17.4,56
2024-02-17,CUST-00120,Enterprise,Europe,Partner,Business,3265.02,69.5,1,0.0,Reseller,83,2.3,50
2024-02-18,CUST-00061,Mid-Market,Europe,Organic Search,Business,3541.69,54.4,4,0.0,Website SEO,53,0.0,
2024-02-18,CUST-00068,Enterprise,North America,Content,Enterprise,26737.26,72.2,2,0.0,Webinar,87,16.1,51
2024-02-18,CUST-00071,SMB,North America,Organic Search,Starter,95.61,62.8,,0.0,Website SEO,17,8.8,13
2024-02-18,CUST-00077,Enterprise,North America,Organic Search,Business,3967.04,68.1,5,0.0,Website SEO,77,10.1,21
2024-02-18,CUST-00082,SMB,APAC,Content,Starter,157.89,68.6,1,0.0,Whitepaper,12,11.6,41
2024-02-18,CUST-00095,Enterprise,North America,Paid Search,Business,2417.50,85.3,7,1.0,Google Ads,79,12.0,34
2024-02-18,CUST-00106,Mid-Market,North America,Organic Search,Business,2471.60,84.9,1,0.0,Website SEO,27,0.3,58
2024-02-18,CUST-00108,Enterprise,Europe,Paid Search,Enterprise,18444.29,80.4,4,0.0,Google Ads,119,7.4,
2024-02-20,CUST-00064,SMB,Europe,Partner,Starter,114.46,99.0,3,0.0,Reseller,20,3.2,
2024-02-20,CUST-00086,SMB,APAC,Referral,Starter,112.97,71.4,1,0.0,Customer Referral,23,0.0,46
2024-02-20,CUST-00099,Mid-Market,Europe,Paid Search,Business,1200.42,53.5,3,0.0,Google Ads,37,21.7,1
2024-02-20,CUST-00117,Enterprise,Middle East & Africa,Partner,Business,1358.76,85.2,2,0.0,Solutions Partner,133,,58
2024-02-21,CUST-00062,Mid-Market,North America,Partner,Business,3094.68,66.0,4,0.0,Solutions Partner,44,7.1,30
2024-02-21,CUST-00094,Enterprise,North America,Referral,Enterprise,30210.62,93.1,3,0.0,Customer Referral,81,13.2,
2024-02-22,CUST-00113,SMB,North America,Paid Search,Starter,153.64,64.9,4,0.0,Bing Ads,7,13.7,2
2024-02-23,CUST-00089,Enterprise,North America,Organic Search,Enterprise,26308.47,97.8,1,0.0,Blog,56,1.2,96
2024-02-23,CUST-00090,Enterprise,APAC,Partner,Enterprise,15056.58,98.2,4,0.0,Solutions Partner,97,6.8,
2024-02-23,CUST-00116,Enterprise,North America,Referral,Business,2694.19,90.2,3,0.0,Customer Referral,107,3.1,64
2024-02-24,CUST-00079,Enterprise,Latin America,Partner,Business,2821.07,95.5,3,0.0,Solutions Partner,72,10.2,63
2024-02-24,CUST-00080,SMB,North America,Referral,Starter,134.25,54.8,0,0.0,Customer Referral,14,4.0,34
2024-02-24,CUST-00084,Mid-Market,North America,Paid Social,Business,2726.29,52.6,,1.0,LinkedIn Ads,47,13.0,-33
2024-02-24,CUST-00114,Enterprise,Latin America,Content,Business,3041.24,81.2,2,0.0,Whitepaper,107,5.8,52
2024-02-24,CUST-00115,SMB,North America,Paid Search,Starter,106.04,67.1,2,0.0,Google Ads,5,18.5,28
2024-02-25,CUST-00063,Enterprise,North America,Organic Search,Business,3303.82,77.3,2,0.0,Website SEO,86,3.2,74
2024-02-25,CUST-00092,Mid-Market,North America,Referral,Growth,503.46,50.1,4,0.0,Founder Network,39,0.4,-2
2024-02-25,CUST-00118,Mid-Market,Europe,Partner,Growth,558.20,99.0,1,0.0,Solutions Partner,71,8.9,
2024-02-26,CUST-00083,SMB,North America,Content,Growth,794.02,77.4,0,0.0,Newsletter,12,2.7,57
2024-02-26,CUST-00088,SMB,North America,Organic Search,Growth,504.33,80.8,1,0.0,Website SEO,12,2.4,53
2024-02-26,CUST-00121,Mid-Market,North America,Referral,Enterprise,14996.06,85.9,,0.0,Customer Referral,67,,58
2024-02-27,CUST-00074,SMB,North America,Paid Social,Starter,160.93,49.4,3,0.0,LinkedIn Ads,2,23.7,-13
2024-02-28,CUST-00076,SMB,Europe,Partner,Starter,118.24,60.6,4,0.0,Solutions Partner,34,8.7,
2024-02-29,CUST-00091,Mid-Market,Europe,Organic Search,Business,2168.67,85.0,2,0.0,Website SEO,44,6.3,65
2024-02-29,CUST-00102,SMB,Europe,Referral,Starter,192.82,72.5,0,0.0,Customer Referral,11,17.4,55
2024-02-29,CUST-00103,Mid-Market,North America,Organic Search,Growth,477.46,75.3,1,0.0,Blog,41,0.0,47
2024-03-02,CUST-00166,Mid-Market,Europe,Organic Search,Business,3583.28,79.0,3,0.0,Website SEO,50,7.1,74
2024-03-03,CUST-00133,Enterprise,APAC,Referral,Business,3937.98,99.0,3,0.0,Customer Referral,103,0.0,83
2024-03-03,CUST-00140,SMB,North America,Referral,Growth,548.47,52.6,4,0.0,Founder Network,,0.0,14
2024-03-04,CUST-00129,SMB,North America,Content,Business,1771.07,79.6,1,0.0,Webinar,,3.3,61
2024-03-04,CUST-00155,Mid-Market,APAC,Organic Search,Business,3206.05,74.0,,0.0,Website SEO,21,0.0,50
2024-03-04,CUST-00169,SMB,North America,Referral,Starter,217.70,73.6,0,0.0,Customer Referral,9,0.0,
2024-03-04,CUST-00176,Enterprise,North America,Partner,Enterprise,110445.87,99.0,0,0.0,Solutions Partner,140,18.5,76
2024-03-05,CUST-00143,SMB,North America,Referral,Starter,235.86,82.0,1,0.0,Customer Referral,,7.4,71
2024-03-06,CUST-00125,Enterprise,APAC,Paid Social,Business,2315.43,69.0,6,1.0,Meta Ads,76,22.9,1
2024-03-06,CUST-00134,Mid-Market,Europe,Organic Search,Growth,788.78,93.8,2,0.0,Website SEO,50,0.6,
2024-03-06,CUST-00171,Enterprise,North America,Referral,Enterprise,30098.93,99.0,9,1.0,Customer Referral,113,12.3,36
2024-03-10,CUST-00163,SMB,Latin America,Paid Social,Growth,387.79,75.1,2,0.0,Meta Ads,3,16.4,26
2024-03-11,CUST-00164,SMB,Europe,Paid Search,Starter,106.60,51.2,4,0.0,Google Ads,4,18.8,
2024-03-12,CUST-00135,Enterprise,North America,Partner,Enterprise,82463.85,83.0,5,1.0,Reseller,134,18.9,26
2024-03-12,CUST-00145,Mid-Market,APAC,Paid Search,Growth,694.19,52.5,8,0.0,Google Ads,,5.5,-19
2024-03-12,CUST-00177,SMB,Europe,Referral,Starter,181.66,60.7,2,0.0,Customer Referral,11,1.2,43
2024-03-13,CUST-00126,Mid-Market,North America,Paid Social,Business,1899.87,53.0,2,0.0,LinkedIn Ads,46,26.6,10
2024-03-13,CUST-00130,SMB,North America,Organic Search,Starter,102.79,62.8,2,0.0,Website SEO,9,,42
2024-03-13,CUST-00168,Mid-Market,Europe,Content,Business,3095.65,85.7,1,0.0,Whitepaper,35,5.6,
2024-03-14,CUST-00144,SMB,North America,Referral,Starter,203.98,46.8,5,0.0,Customer Referral,9,6.6,-11
2024-03-15,CUST-00142,Mid-Market,North America,Organic Search,Business,2725.97,99.0,1,0.0,Website SEO,41,5.1,77
2024-03-16,CUST-00139,SMB,Europe,Organic Search,Starter,137.12,71.0,2,0.0,Website SEO,19,0.0,41
2024-03-16,CUST-00153,Enterprise,North America,Partner,Business,4072.40,91.1,3,0.0,Solutions Partner,124,4.8,72
2024-03-16,CUST-00158,SMB,North America,Paid Social,Starter,175.84,40.2,5,1.0,Meta Ads,4,,-36
2024-03-17,CUST-00131,SMB,APAC,Organic Search,Growth,659.71,69.8,2,0.0,Website SEO,14,0.0,48
2024-03-17,CUST-00159,Mid-Market,North America,Referral,Business,3081.68,90.9,0,0.0,Customer Referral,,1.4,
2024-03-17,CUST-00174,Mid-Market,Europe,Organic Search,Business,2720.65,99.0,3,0.0,Website SEO,27,7.2,61
2024-03-18,CUST-00124,SMB,North America,Paid Search,Starter,117.29,55.2,10,1.0,Google Ads,1,19.0,-40
2024-03-18,CUST-00147,SMB,North America,Referral,Growth,635.08,70.5,2,0.0,Customer Referral,12,3.5,65
2024-03-18,CUST-00148,SMB,Europe,Paid Social,Growth,275.01,42.0,3,0.0,LinkedIn Ads,6,13.2,-6
2024-03-20,CUST-00132,Enterprise,Europe,Organic Search,Business,2806.24,99.0,4,0.0,Marketplace,70,6.6,48
2024-03-20,CUST-00138,Mid-Market,APAC,Partner,Growth,652.93,99.0,2,1.0,Solutions Partner,,9.6,47
2024-03-20,CUST-00151,SMB,APAC,Paid Social,Starter,157.43,56.5,3,0.0,Retargeting,12,17.9,24
2024-03-20,CUST-00156,Mid-Market,Europe,Organic Search,Business,4343.89,80.6,1,0.0,Website SEO,50,0.3,
2024-03-20,CUST-00157,SMB,Europe,Paid Search,Starter,112.03,67.6,2,0.0,Google Ads,5,6.2,-7
2024-03-21,CUST-00160,Mid-Market,Europe,Paid Search,Business,3436.59,69.0,0,0.0,Google Ads,,9.3,53
2024-03-21,CUST-00162,Enterprise,Europe,Partner,Enterprise,25524.06,71.3,2,0.0,Solutions Partner,95,,
2024-03-21,CUST-00167,SMB,APAC,Organic Search,Starter,167.88,71.6,5,0.0,Website SEO,14,9.0,32
2024-03-22,CUST-00122,Mid-Market,North America,Partner,Business,3942.92,86.5,4,0.0,Solutions Partner,47,16.2,31
2024-03-22,CUST-00128,SMB,North America,Content,Growth,322.88,63.9,0,0.0,Webinar,12,10.6,71
2024-03-22,CUST-00154,Mid-Market,North America,Partner,Business,2783.09,68.4,3,0.0,Solutions Partner,42,13.2,30
2024-03-22,CUST-00165,SMB,APAC,Content,Business,2397.77,72.9,0,0.0,Webinar,5,4.1,56
2024-03-23,CUST-00136,Mid-Market,Europe,Referral,Business,3359.59,90.6,0,0.0,Customer Referral,25,0.0,
2024-03-24,CUST-00172,Enterprise,North America,Organic Search,Business,3069.07,84.8,1,0.0,Website SEO,82,1.3,73
2024-03-24,CUST-00178,SMB,Europe,Referral,Growth,796.74,69.2,1,0.0,Customer Referral,12,8.6,66
2024-03-25,CUST-00146,SMB,North America,Organic Search,Starter,112.88,55.3,1,0.0,Marketplace,7,1.7,16
2024-03-25,CUST-00149,Enterprise,Latin America,Referral,Enterprise,13437.94,78.1,1,0.0,Customer Referral,,5.1,68
2024-03-26,CUST-00141,Mid-Market,North America,Referral,Business,3321.90,96.2,1,0.0,Customer Referral,30,4.4,
2024-03-26,CUST-00152,Enterprise,Europe,Partner,Enterprise,10048.71,85.4,0,0.0,Solutions Partner,,16.7,62
2024-03-27,CUST-00150,Mid-Market,APAC,Organic Search,Growth,455.00,86.5,0,0.0,Website SEO,31,10.2,74
2024-03-27,CUST-00161,Enterprise,North America,Referral,Business,4494.76,92.1,2,0.0,Customer Referral,85,5.3,46
2024-03-27,CUST-00170,Mid-Market,APAC,Organic Search,Growth,630.53,82.1,1,0.0,Website SEO,38,7.9,62
2024-03-27,CUST-00175,Mid-Market,APAC,Paid Search,Business,1242.28,74.9,1,0.0,Retargeting,55,16.2,46
2024-03-29,CUST-00123,Mid-Market,APAC,Organic Search,Enterprise,21614.38,77.5,0,0.0,Website SEO,39,10.9,70
2024-03-29,CUST-00137,SMB,Europe,Paid Search,Growth,679.77,67.1,1,0.0,Bing Ads,,9.5,
2024-03-30,CUST-00127,Mid-Market,North America,Paid Search,Growth,474.11,33.3,5,0.0,Google Ads,31,11.5,-22
2024-03-30,CUST-00173,Mid-Market,North America,Organic Search,Business,2174.32,83.8,0,0.0,Website SEO,29,8.5,
2024-04-03,CUST-00196,SMB,Europe,Paid Social,Starter,160.16,56.1,3,0.0,LinkedIn Ads,3,18.4,
2024-04-03,CUST-00233,Enterprise,Europe,Partner,Enterprise,14688.89,99.0,4,0.0,Solutions Partner,100,16.1,59
2024-04-05,CUST-00208,Mid-Market,North America,Referral,Business,2011.41,77.8,0,0.0,Customer Referral,24,0.0,51
2024-04-06,CUST-00199,Enterprise,Latin America,Partner,Business,2480.30,74.8,0,0.0,Reseller,,5.2,51
2024-04-06,CUST-00238,SMB,Europe,Paid Search,Starter,70.95,45.0,8,1.0,Google Ads,1,18.6,-59
2024-04-07,CUST-00214,Enterprise,Europe,Paid Search,Business,3119.81,60.2,9,1.0,,,11.1,-27
2024-04-07,CUST-00230,SMB,North America,Referral,Starter,227.18,64.2,2,0.0,Customer Referral,10,0.0,14
2024-04-08,CUST-00186,SMB,Europe,Paid Search,Growth,327.64,46.1,2,0.0,Bing Ads,4,14.8,-6
2024-04-08,CUST-00200,SMB,North America,Organic Search,Growth,513.85,74.0,9,1.0,Website SEO,11,0.0,-20
2024-04-09,CUST-00204,SMB,Europe,Referral,Growth,582.97,89.3,0,0.0,Customer Referral,,10.4,70
2024-04-09,CUST-00213,Enterprise,Europe,Partner,Enterprise,18065.85,99.0,4,0.0,Solutions Partner,82,6.6,41
2024-04-09,CUST-00231,SMB,North America,Paid Search,Growth,497.58,56.3,5,0.0,Bing Ads,,0.0,12
2024-04-10,CUST-00227,Mid-Market,APAC,Organic Search,Business,2371.98,72.7,5,1.0,Website SEO,36,,
2024-04-11,CUST-00184,SMB,North America,Organic Search,Starter,136.18,87.1,2,0.0,Website SEO,11,1.0,54
2024-04-11,CUST-00236,Enterprise,North America,Organic Search,Enterprise,12555.03,99.0,1,0.0,Website SEO,89,4.9,87
2024-04-12,CUST-00209,SMB,North America,Organic Search,Starter,163.92,57.2,1,0.0,Website SEO,21,2.4,22
2024-04-13,CUST-00182,SMB,North America,Organic Search,Growth,648.30,72.0,0,0.0,Website SEO,7,3.0,49
2024-04-13,CUST-00188,SMB,Middle East & Africa,Organic Search,Starter,109.52,80.8,2,0.0,Website SEO,14,6.9,
2024-04-13,CUST-00192,SMB,North America,Referral,Starter,112.21,59.4,0,0.0,Customer Referral,15,5.6,31
2024-04-14,CUST-00237,Mid-Market,Latin America,Referral,Growth,475.14,81.1,3,0.0,Customer Referral,41,8.1,35
2024-04-15,CUST-00179,SMB,Europe,Referral,Growth,437.16,78.4,0,0.0,Founder Network,11,4.4,56
2024-04-15,CUST-00179,SMB,Europe,Referral,Growth,437.16,78.4,0,0.0,Founder Network,11,4.4,56
2024-04-15,CUST-00183,Mid-Market,North America,Referral,Business,4372.74,99.0,1,0.0,Customer Referral,32,7.9,78
2024-04-15,CUST-00193,SMB,Europe,Paid Search,Starter,197.96,46.8,5,0.0,Google Ads,,15.4,-16
2024-04-15,CUST-00198,Mid-Market,APAC,Referral,Growth,718.03,99.0,4,0.0,Customer Referral,21,,48
2024-04-15,CUST-00228,Enterprise,North America,Partner,Enterprise,9731.54,97.5,3,0.0,Solutions Partner,58,22.2,49
2024-04-16,CUST-00216,Enterprise,North America,Partner,Enterprise,20653.15,72.2,2,0.0,Solutions Partner,145,13.8,
2024-04-17,CUST-00234,SMB,Latin America,Organic Search,Starter,57.85,68.2,1,0.0,Blog,19,4.2,42
2024-04-19,CUST-00212,SMB,North America,Paid Search,Starter,220.63,41.1,9,1.0,Google Ads,7,12.7,
2024-04-19,CUST-00226,Enterprise,North America,Partner,Enterprise,29789.91,75.5,4,0.0,Reseller,146,16.3,42
2024-04-19,CUST-00229,SMB,North America,Referral,Growth,419.45,76.7,0,0.0,Customer Referral,17,0.0,71
2024-04-20,CUST-00205,SMB,Europe,Paid Search,Starter,77.81,53.7,3,0.0,Google Ads,12,8.4,-10
2024-04-20,CUST-00218,SMB,Europe,Organic Search,Growth,586.50,77.9,1,0.0,Website SEO,12,6.3,58
2024-04-21,CUST-00197,SMB,North America,Paid Social,Starter,142.13,54.3,1,0.0,Retargeting,7,18.6,
2024-04-22,CUST-00190,SMB,North America,Paid Social,Starter,136.42,51.2,1,0.0,Meta Ads,5,18.5,1
2024-04-22,CUST-00203,Enterprise,Europe,Partner,Business,4527.52,73.7,5,0.0,Solutions Partner,125,4.7,14
2024-04-23,CUST-00180,Enterprise,APAC,Referral,Enterprise,24142.20,90.1,3,0.0,Founder Network,149,3.4,
2024-04-23,CUST-00189,Mid-Market,Middle East & Africa,Partner,Business,3148.68,85.5,2,0.0,Solutions Partner,46,16.7,71
2024-04-23,CUST-00211,Mid-Market,North America,Paid Search,Business,2536.78,63.3,6,0.0,Google Ads,24,9.1,20
2024-04-23,CUST-00220,Mid-Market,North America,Paid Search,Business,2231.90,69.9,0,0.0,Google Ads,27,10.7,47
2024-04-24,CUST-00206,Enterprise,North America,Partner,Enterprise,17452.27,78.9,7,1.0,Solutions Partner,117,8.8,23
2024-04-25,CUST-00201,Mid-Market,APAC,Referral,Enterprise,22812.96,89.4,,1.0,Founder Network,,6.2,24
2024-04-25,CUST-00215,Enterprise,Europe,Paid Social,Enterprise,23192.54,81.7,2,0.0,LinkedIn Ads,87,24.4,50
2024-04-25,CUST-00222,Mid-Market,Middle East & Africa,Partner,Enterprise,21946.21,95.6,0,0.0,Reseller,74,3.7,95
2024-04-25,CUST-00232,SMB,Latin America,Paid Social,Starter,70.26,61.8,3,0.0,Retargeting,1,,36
2024-04-26,CUST-00181,Enterprise,North America,Referral,Enterprise,9902.51,99.0,2,0.0,Customer Referral,99,4.2,86
2024-04-26,CUST-00194,Enterprise,APAC,Referral,Business,3519.23,81.5,3,1.0,Customer Referral,98,0.2,
2024-04-26,CUST-00202,Mid-Market,Europe,Paid Search,Growth,547.00,64.0,7,1.0,Google Ads,,10.0,-24
2024-04-26,CUST-00221,SMB,Europe,Organic Search,Starter,135.73,51.0,3,0.0,Website SEO,11,6.5,
2024-04-27,CUST-00185,SMB,Middle East & Africa,Paid Search,Business,1770.93,45.2,5,1.0,Google Ads,14,9.7,-43
2024-04-27,CUST-00187,Mid-Market,Latin America,Organic Search,Business,2290.65,99.0,1,0.0,Blog,39,3.1,
2024-04-27,CUST-00217,Mid-Market,North America,Paid Social,Business,3548.57,48.4,7,1.0,Meta Ads,34,18.7,-34
2024-04-27,CUST-00223,Mid-Market,APAC,Organic Search,Growth,433.32,73.5,2,0.0,Website SEO,39,6.5,27
2024-04-28,CUST-00195,Enterprise,North America,Referral,Enterprise,16849.07,96.7,,0.0,Founder Network,91,10.2,56
2024-04-29,CUST-00191,Mid-Market,North America,Referral,Business,3954.18,72.2,1,0.0,Founder Network,22,3.6,37
2024-04-29,CUST-00210,Mid-Market,North America,Content,Business,1590.82,94.4,2,0.0,Whitepaper,31,6.8,67
2024-04-29,CUST-00224,SMB,Latin America,Organic Search,Business,1517.20,78.9,2,0.0,Marketplace,12,3.9,52
2024-04-29,CUST-00225,SMB,North America,Organic Search,Starter,155.04,66.1,4,0.0,Marketplace,13,10.8,21
2024-04-29,CUST-00235,Enterprise,Europe,Organic Search,Enterprise,25800.69,96.9,1,0.0,Website SEO,72,13.0,87
2024-04-30,CUST-00207,Enterprise,APAC,Partner,Enterprise,23557.90,75.8,0,0.0,Reseller,126,11.0,
2024-04-30,CUST-00219,SMB,North America,Referral,Starter,141.19,60.7,3,0.0,Customer Referral,16,,29
2024-05-01,CUST-00244,Enterprise,Europe,Partner,Business,4482.67,99.0,4,0.0,Reseller,124,15.0,64
2024-05-01,CUST-00256,Mid-Market,North America,Partner,Business,3682.33,92.8,5,1.0,Solutions Partner,32,0.4,52
2024-05-02,CUST-00284,Enterprise,APAC,Partner,Enterprise,15783.21,85.8,4,0.0,Reseller,125,11.6,54
2024-05-03,CUST-00257,SMB,APAC,Organic Search,Growth,626.35,64.7,3,0.0,Blog,15,0.0,13
2024-05-03,CUST-00263,SMB,North America,Partner,Growth,456.26,84.0,0,0.0,Solutions Partner,23,14.4,71
2024-05-03,CUST-00298,SMB,North America,Referral,Starter,213.14,62.1,3,0.0,Customer Referral,14,9.5,8
2024-05-04,CUST-00290,Enterprise,Europe,Referral,Enterprise,18494.10,65.7,10,1.0,Customer Referral,119,,10
2024-05-05,CUST-00245,Mid-Market,Europe,Organic Search,Growth,517.96,73.8,1,0.0,Blog,39,3.7,41
2024-05-05,CUST-00288,SMB,APAC,Content,Growth,391.61,65.6,5,0.0,Webinar,19,1.2,
2024-05-05,CUST-00301,SMB,North America,Paid Social,Starter,202.69,45.5,7,0.0,Meta Ads,10,13.8,-54
2024-05-07,CUST-00295,Enterprise,North America,Referral,Enterprise,107410.88,92.0,3,0.0,Founder Network,101,21.2,71
2024-05-07,CUST-00296,Enterprise,Europe,Partner,Enterprise,15821.93,99.0,2,1.0,Solutions Partner,96,9.8,71
2024-05-08,CUST-00243,Mid-Market,Europe,Partner,Growth,720.82,74.3,3,0.0,Solutions Partner,56,4.8,45
2024-05-08,CUST-00269,SMB,Europe,Paid Social,Growth,680.43,58.0,4,0.0,Meta Ads,1,16.9,21
2024-05-09,CUST-00248,SMB,Latin America,Organic Search,Business,1006.20,62.6,1,0.0,Website SEO,9,5.9,23
2024-05-09,CUST-00265,SMB,APAC,Paid Social,Growth,651.89,54.6,5,1.0,Meta Ads,8,15.5,-37
2024-05-10,CUST-00291,Mid-Market,Latin America,Organic Search,Enterprise,15445.45,74.1,0,0.0,Blog,82,7.1,65
2024-05-11,CUST-00241,Enterprise,North America,Partner,Enterprise,29940.48,77.0,4,0.0,Solutions Partner,98,10.7,40
2024-05-11,CUST-00246,Mid-Market,Latin America,Organic Search,Growth,259.78,79.2,8,1.0,Website SEO,34,7.1,19
2024-05-11,CUST-00289,Enterprise,North America,Partner,Enterprise,22838.35,99.0,1,0.0,Reseller,156,10.7,98
2024-05-12,CUST-00253,Enterprise,Europe,Referral,Enterprise,30243.17,85.5,0,0.0,Customer Referral,78,6.6,58
2024-05-12,CUST-00264,Mid-Market,North America,Referral,Growth,846.46,90.2,1,0.0,Founder Network,42,4.5,81
2024-05-12,CUST-00267,Mid-Market,Europe,Organic Search,Business,1667.80,,2,0.0,Website SEO,41,11.1,89
2024-05-13,CUST-00271,SMB,North America,Content,Starter,80.16,75.8,7,1.0,Whitepaper,,8.7,23
2024-05-13,CUST-00282,Mid-Market,North America,Organic Search,Business,2270.54,84.9,2,0.0,Website SEO,26,0.0,47
2024-05-14,CUST-00247,Mid-Market,APAC,Organic Search,Growth,844.54,59.5,5,1.0,Website SEO,25,2.3,-19
2024-05-14,CUST-00276,SMB,Europe,Paid Search,Growth,693.55,9.3,38,1.0,Google Ads,14,,-29
2024-05-14,CUST-00300,SMB,APAC,Paid Search,Growth,495.62,45.4,11,1.0,Bing Ads,11,18.9,
2024-05-15,CUST-00242,SMB,North America,Content,Growth,779.53,76.8,1,1.0,Newsletter,20,2.3,49
2024-05-15,CUST-00251,SMB,Europe,Referral,Starter,111.99,,0,0.0,Customer Referral,11,2.0,63
2024-05-15,CUST-00262,SMB,Latin America,Paid Search,Starter,55.48,39.6,3,1.0,Google Ads,1,12.9,
2024-05-15,CUST-00285,Mid-Market,North America,Referral,Business,2600.58,70.1,4,0.0,Customer Referral,17,6.3,41
2024-05-15,CUST-00286,Mid-Market,North America,Organic Search,Growth,937.46,52.4,5,0.0,Website SEO,35,7.5,
2024-05-18,CUST-00259,SMB,APAC,Paid Social,Starter,69.02,39.7,8,1.0,Meta Ads,13,15.4,-48
2024-05-18,CUST-00274,Enterprise,Latin America,Organic Search,Enterprise,17678.94,92.4,6,0.0,Website SEO,59,5.7,39
2024-05-18,CUST-00281,Enterprise,APAC,Organic Search,Enterprise,24535.80,90.4,1,0.0,Website SEO,,6.6,
2024-05-18,CUST-00287,SMB,North America,Paid Search,Business,1856.01,59.4,1,0.0,Google Ads,20,6.1,23
2024-05-19,CUST-00250,SMB,North America,Organic Search,Starter,166.75,64.5,,0.0,Website SEO,12,2.7,66
2024-05-19,CUST-00258,SMB,Europe,Organic Search,Growth,703.91,59.7,1,0.0,Blog,16,0.0,36
2024-05-19,CUST-00273,Mid-Market,APAC,Referral,Business,1906.66,93.3,0,0.0,Customer Referral,36,11.6,96
2024-05-20,CUST-00249,SMB,North America,Organic Search,Starter,237.00,77.3,3,1.0,Blog,10,0.0,14
2024-05-20,CUST-00261,Enterprise,Europe,Organic Search,Enterprise,25837.71,66.6,3,0.0,Website SEO,,,32
2024-05-22,CUST-00266,SMB,North America,Referral,Growth,534.02,82.0,4,0.0,Customer Referral,19,7.7,21
2024-05-23,CUST-00292,SMB,Europe,Organic Search,Growth,797.96,76.3,0,0.0,Website SEO,11,5.2,61
2024-05-23,CUST-00299,Enterprise,North America,Partner,Business,1954.60,87.8,7,0.0,Solutions Partner,60,1.4,44
2024-05-24,CUST-00278,Mid-Market,North America,Organic Search,Business,4393.62,76.3,3,0.0,Website SEO,29,7.9,59
2024-05-26,CUST-00294,SMB,Europe,Organic Search,Starter,198.92,85.5,3,0.0,Website SEO,9,0.0,64
2024-05-27,CUST-00239,Mid-Market,Europe,Referral,Growth,928.04,70.1,1,0.0,Customer Referral,31,0.0,55
2024-05-27,CUST-00275,Mid-Market,North America,Paid Search,Business,2821.01,24.4,37,1.0,Google Ads,41,16.9,-54
2024-05-28,CUST-00260,Mid-Market,APAC,Partner,Growth,845.67,,0,0.0,Reseller,52,,67
2024-05-28,CUST-00280,Enterprise,North America,Organic Search,Enterprise,24532.45,89.4,2,0.0,Website SEO,115,10.6,81
2024-05-29,CUST-00240,SMB,North America,Organic Search,Growth,539.35,76.3,2,0.0,Website SEO,9,4.6,39
2024-05-29,CUST-00255,Mid-Market,North America,Partner,Business,2137.02,98.1,1,0.0,Reseller,54,0.0,80
2024-05-29,CUST-00270,SMB,North America,Organic Search,Starter,241.29,68.8,4,0.0,Blog,,0.2,56
2024-05-29,CUST-00272,SMB,North America,Content,Growth,345.32,59.3,1,1.0,Webinar,15,0.9,23
2024-05-29,CUST-00279,SMB,North America,Organic Search,Business,3672.41,82.5,0,0.0,Blog,8,0.0,88
2024-05-29,CUST-00283,Mid-Market,North America,Organic Search,Business,4704.12,34.1,6,0.0,Website SEO,30,0.0,-35
2024-05-29,CUST-00297,SMB,North America,Referral,Growth,433.52,75.9,0,0.0,Customer Referral,11,13.3,50
2024-05-30,CUST-00268,SMB,Middle East & Africa,Organic Search,Business,2511.26,59.1,3,0.0,Website SEO,18,5.6,28
2024-05-30,CUST-00277,SMB,Europe,Paid Social,Starter,141.09,19.6,9,1.0,LinkedIn Ads,1,26.7,-90
2024-05-31,CUST-00252,SMB,APAC,Paid Search,Starter,76.38,76.3,,0.0,Google Ads,7,11.6,
2024-05-31,CUST-00254,Mid-Market,Europe,Referral,Growth,582.41,50.6,2,0.0,Customer Referral,43,0.0,20
2024-05-31,CUST-00293,Mid-Market,North America,Partner,Growth,808.21,77.1,0,0.0,Solutions Partner,53,5.8,58
2024-06-01,CUST-00306,Mid-Market,Middle East & Africa,Organic Search,Enterprise,12821.94,67.4,2,0.0,Website SEO,59,15.0,33
2024-06-01,CUST-00312,SMB,Europe,Organic Search,Starter,197.33,64.4,1,0.0,Website SEO,14,1.8,32
2024-06-02,CUST-00324,SMB,North America,Referral,Starter,203.40,74.7,0,0.0,Customer Referral,8,11.8,
2024-06-02,CUST-00344,Enterprise,North America,Referral,Business,2647.86,85.3,2,0.0,Founder Network,68,13.9,
2024-06-03,CUST-00303,SMB,North America,Paid Social,Starter,180.57,44.0,7,1.0,Meta Ads,7,24.3,-37
2024-06-03,CUST-00305,Mid-Market,APAC,Referral,Growth,784.34,80.5,1,0.0,Customer Referral,38,0.0,71
2024-06-03,CUST-00342,Mid-Market,APAC,Organic Search,Growth,584.39,75.3,,1.0,Website SEO,22,2.6,17
2024-06-03,CUST-00360,Mid-Market,Latin America,Referral,Growth,410.86,76.6,1,0.0,Customer Referral,27,0.0,47
2024-06-04,CUST-00331,Mid-Market,North America,Paid Search,Business,3422.58,52.4,4,0.0,Retargeting,,5.2,17
2024-06-05,CUST-00357,Mid-Market,North America,Paid Search,Business,1939.53,56.6,6,0.0,Google Ads,29,11.0,-5
2024-06-06,CUST-00349,Enterprise,Europe,Organic Search,Enterprise,11765.59,85.1,,0.0,Website SEO,122,7.1,57
2024-06-07,CUST-00321,Enterprise,North America,Partner,Business,3595.14,76.4,2,0.0,Solutions Partner,78,3.1,
2024-06-07,CUST-00326,Mid-Market,APAC,Organic Search,Business,1988.02,66.2,2,0.0,Website SEO,44,4.4,
2024-06-07,CUST-00348,SMB,North America,Paid Search,Growth,416.57,69.7,1,0.0,Google Ads,8,21.0,48
2024-06-08,CUST-00307,SMB,Europe,Paid Search,Starter,224.68,37.5,3,0.0,Bing Ads,10,7.2,-22
2024-06-08,CUST-00314,SMB,North America,Content,Business,1964.45,81.5,0,0.0,Webinar,20,10.0,78
2024-06-08,CUST-00364,SMB,North America,Paid Search,Starter,137.81,42.3,6,0.0,Google Ads,7,16.0,-6
2024-06-10,CUST-00325,SMB,North America,Paid Social,Business,3162.33,74.8,5,1.0,,17,10.1,11
2024-06-10,CUST-00337,Mid-Market,Latin America,Organic Search,Business,1757.39,99.0,1,0.0,Website SEO,42,10.3,70
2024-06-10,CUST-00346,SMB,Europe,Paid Search,Starter,149.98,37.4,5,0.0,Google Ads,6,19.9,-6
2024-06-11,CUST-00366,Enterprise,North America,Organic Search,Enterprise,15798.98,90.4,4,0.0,Website SEO,97,6.0,53
2024-06-12,CUST-00313,Mid-Market,APAC,Paid Search,Enterprise,12989.06,65.1,4,0.0,Google Ads,89,17.0,
2024-06-12,CUST-00330,Mid-Market,Europe,Referral,Growth,880.49,96.6,2,0.0,Customer Referral,31,4.5,67
2024-06-12,CUST-00334,SMB,APAC,Organic Search,Growth,737.02,85.8,0,0.0,Website SEO,9,5.3,65
2024-06-12,CUST-00336,SMB,North America,Paid Search,Growth,322.87,48.2,0,0.0,Google Ads,4,18.3,8
2024-06-13,CUST-00311,SMB,Europe,Referral,Growth,531.91,70.0,1,0.0,Customer Referral,20,2.8,33
2024-06-13,CUST-00345,Enterprise,North America,Organic Search,Business,3521.61,73.1,1,0.0,Website SEO,44,,59
2024-06-13,CUST-00350,Mid-Market,Latin America,Referral,Growth,440.86,79.8,6,1.0,Founder Network,33,6.6,4
2024-06-15,CUST-00309,Enterprise,North America,Partner,Enterprise,33706.29,99.0,4,0.0,Solutions Partner,118,14.2,81
2024-06-15,CUST-00333,Mid-Market,APAC,Paid Social,Business,2597.05,49.1,4,0.0,LinkedIn Ads,,21.8,-4
2024-06-16,CUST-00302,Mid-Market,North America,Organic Search,Business,3097.37,79.3,3,0.0,Website SEO,,6.8,56
2024-06-16,CUST-00310,SMB,North America,Paid Social,Starter,170.24,43.8,5,0.0,LinkedIn Ads,1,30.3,-19
2024-06-16,CUST-00347,Mid-Market,North America,Referral,Growth,540.30,84.1,8,1.0,Customer Referral,49,9.6,35
2024-06-17,CUST-00319,Enterprise,Europe,Partner,Business,3662.03,99.0,1,0.0,Reseller,109,8.0,83
2024-06-17,CUST-00320,Mid-Market,Europe,Referral,Growth,810.86,85.9,1,0.0,Customer Referral,26,0.0,56
2024-06-17,CUST-00340,Mid-Market,APAC,Partner,Business,2581.81,99.0,3,0.0,Solutions Partner,51,0.8,71
2024-06-18,CUST-00304,SMB,North America,Paid Social,Starter,158.57,42.9,1,0.0,Meta Ads,,19.6,
2024-06-18,CUST-00341,Mid-Market,APAC,Paid Search,Business,1496.68,64.6,3,0.0,Google Ads,33,2.0,20
2024-06-19,CUST-00323,SMB,Europe,Paid Search,Growth,517.40,61.1,5,0.0,Bing Ads,8,19.8,22
2024-06-19,CUST-00359,SMB,North America,Organic Search,Growth,952.75,61.0,2,0.0,Blog,14,2.8,47
2024-06-20,CUST-00332,SMB,Europe,Content,Starter,159.76,32.8,6,0.0,Webinar,10,1.6,
2024-06-20,CUST-00362,Mid-Market,Latin America,Paid Search,Growth,273.03,69.2,5,0.0,Google Ads,20,14.6,21
2024-06-21,CUST-00318,SMB,APAC,Content,Starter,89.84,65.0,3,0.0,Webinar,,0.6,18
2024-06-21,CUST-00352,SMB,Europe,Content,Growth,457.47,76.7,0,0.0,Webinar,10,12.3,
2024-06-21,CUST-00354,Mid-Market,North America,Partner,Growth,813.11,72.7,2,0.0,Solutions Partner,46,7.5,47
2024-06-22,CUST-00339,SMB,North America,Referral,Starter,200.49,72.8,1,0.0,Customer Referral,,0.0,68
2024-06-22,CUST-00356,Enterprise,Europe,Referral,Business,2885.69,64.4,1,0.0,Customer Referral,74,0.0,44
2024-06-22,CUST-00367,SMB,Europe,Organic Search,Starter,163.38,78.8,0,0.0,Blog,,,57
2024-06-23,CUST-00317,Mid-Market,Europe,Paid Search,Business,2625.66,56.9,7,1.0,Retargeting,48,11.0,-24
2024-06-23,CUST-00327,Enterprise,Europe,Organic Search,Business,2676.14,99.0,1,0.0,Website SEO,55,1.9,100
2024-06-24,CUST-00315,Mid-Market,Europe,Organic Search,Enterprise,8016.21,99.0,3,0.0,Blog,47,10.1,53
2024-06-24,CUST-00335,SMB,Europe,Paid Social,Starter,70.71,32.0,,0.0,LinkedIn Ads,,17.9,-37
2024-06-24,CUST-00363,Mid-Market,APAC,Referral,Business,1315.55,67.5,3,0.0,Customer Referral,,9.0,34
2024-06-25,CUST-00308,SMB,North America,Partner,Growth,394.63,70.8,0,0.0,Reseller,30,5.2,42
2024-06-25,CUST-00322,Mid-Market,North America,Organic Search,Growth,962.35,56.3,2,0.0,Website SEO,38,0.0,23
2024-06-25,CUST-00329,Enterprise,Europe,Referral,Enterprise,24124.19,99.0,4,0.0,Founder Network,89,9.6,68
2024-06-25,CUST-00338,SMB,North America,Paid Search,Growth,450.28,62.9,4,0.0,Google Ads,12,17.4,17
2024-06-27,CUST-00316,SMB,North America,Paid Search,Starter,219.77,60.1,4,0.0,Google Ads,1,13.3,10
2024-06-27,CUST-00351,Mid-Market,North America,Organic Search,Growth,601.98,75.5,1,0.0,Blog,32,0.2,72
2024-06-28,CUST-00353,Mid-Market,Europe,Organic Search,Enterprise,11513.53,80.7,0,0.0,Blog,78,9.1,90
2024-06-28,CUST-00365,Mid-Market,Europe,Content,Growth,840.40,67.6,3,0.0,Whitepaper,35,2.5,
2024-06-29,CUST-00343,SMB,North America,Organic Search,Starter,139.75,63.8,1,0.0,Website SEO,13,0.0,58
2024-06-29,CUST-00355,Mid-Market,Europe,Referral,Business,3244.10,90.0,1,0.0,Customer Referral,32,10.1,63
2024-06-29,CUST-00358,Enterprise,Europe,Referral,Enterprise,24361.57,99.0,1,0.0,Customer Referral,97,16.8,89
2024-06-29,CUST-00358,Enterprise,Europe,Referral,Enterprise,24361.57,99.0,1,0.0,Customer Referral,97,16.8,89
2024-06-30,CUST-00328,Enterprise,Europe,Partner,Enterprise,25944.13,66.4,4,0.0,Solutions Partner,99,11.5,31
2024-06-30,CUST-00328,Enterprise,Europe,Partner,Enterprise,25944.13,66.4,4,0.0,Solutions Partner,99,11.5,31
2024-06-30,CUST-00361,Enterprise,Middle East & Africa,Partner,Enterprise,15359.36,87.4,1,0.0,Solutions Partner,145,9.2,99
2024-07-01,CUST-00376,SMB,APAC,Referral,Starter,118.29,54.8,8,1.0,Customer Referral,11,0.7,-20
2024-07-01,CUST-00405,SMB,North America,Organic Search,Starter,257.09,67.0,2,0.0,Website SEO,16,3.2,54
2024-07-01,CUST-00408,Mid-Market,North America,Referral,Enterprise,18254.16,89.9,1,0.0,Customer Referral,49,9.8,66
2024-07-01,CUST-00411,SMB,APAC,Paid Social,Growth,493.33,45.1,9,1.0,LinkedIn Ads,11,16.1,-27
2024-07-01,CUST-00413,Mid-Market,North America,Paid Search,Growth,424.48,72.6,2,0.0,Google Ads,30,,24
2024-07-03,CUST-00386,SMB,APAC,Content,Starter,169.10,79.6,1,0.0,Webinar,11,3.6,
2024-07-03,CUST-00404,Enterprise,North America,Referral,Business,3291.27,95.2,4,0.0,Customer Referral,61,5.9,50
2024-07-03,CUST-00419,Enterprise,Europe,Partner,Enterprise,33258.06,97.0,4,0.0,Reseller,110,7.5,87
2024-07-04,CUST-00379,SMB,Latin America,Partner,Growth,618.73,89.9,2,0.0,Solutions Partner,30,7.7,71
2024-07-04,CUST-00394,SMB,North America,Paid Search,Starter,232.37,45.8,7,1.0,Google Ads,8,10.3,-41
2024-07-05,CUST-00426,Mid-Market,North America,Organic Search,Business,4158.65,99.0,1,0.0,Website SEO,32,0.0,88
2024-07-06,CUST-00400,Enterprise,APAC,Partner,Enterprise,20323.54,78.3,6,1.0,Solutions Partner,98,16.9,14
2024-07-07,CUST-00410,Enterprise,Latin America,Partner,Enterprise,11343.95,94.9,1,0.0,Solutions Partner,117,16.3,82
2024-07-08,CUST-00388,SMB,North America,Organic Search,Starter,107.77,54.6,3,0.0,Website SEO,16,7.9,12
2024-07-08,CUST-00429,Enterprise,North America,Referral,Enterprise,17879.41,99.0,0,0.0,Customer Referral,92,5.2,68
2024-07-08,CUST-00436,SMB,Europe,Content,Growth,521.09,65.6,3,1.0,Whitepaper,14,,19
2024-07-09,CUST-00416,Mid-Market,Middle East & Africa,Organic Search,Business,1429.98,67.1,3,0.0,Website SEO,43,6.6,38
2024-07-09,CUST-00423,Enterprise,Europe,Organic Search,Enterprise,10312.69,99.0,1,0.0,Website SEO,67,10.0,65
2024-07-09,CUST-00435,Mid-Market,APAC,Paid Search,Growth,415.05,73.3,2,0.0,Google Ads,30,13.6,
2024-07-10,CUST-00371,Mid-Market,Europe,Organic Search,Business,3945.10,76.1,2,0.0,Blog,41,0.7,35
2024-07-10,CUST-00387,Mid-Market,APAC,Paid Search,Growth,697.06,70.9,4,0.0,Retargeting,21,12.2,8
2024-07-10,CUST-00396,SMB,North America,Paid Search,Growth,834.95,56.0,2,0.0,Google Ads,1,17.5,-5
2024-07-10,CUST-00424,Enterprise,North America,Partner,Business,4638.49,87.4,6,1.0,Solutions Partner,63,10.6,38
2024-07-11,CUST-00369,SMB,Europe,Paid Social,Growth,738.50,61.5,3,0.0,LinkedIn Ads,10,14.4,-1
2024-07-11,CUST-00370,Mid-Market,North America,Referral,Growth,1085.46,,3,0.0,Customer Referral,50,2.2,58
2024-07-11,CUST-00414,Mid-Market,Latin America,Organic Search,Growth,742.61,57.8,3,0.0,Website SEO,35,2.8,21
2024-07-12,CUST-00398,Mid-Market,North America,Organic Search,Growth,824.76,82.5,,1.0,Website SEO,29,7.0,22
2024-07-13,CUST-00403,SMB,Europe,Paid Social,Starter,138.68,65.0,1,0.0,Meta Ads,14,22.9,32
2024-07-13,CUST-00425,SMB,North America,Organic Search,Growth,688.35,75.7,4,0.0,Website SEO,,5.9,33
2024-07-14,CUST-00378,Mid-Market,Europe,Referral,Enterprise,24691.26,97.1,1,0.0,Customer Referral,,3.2,87
2024-07-14,CUST-00393,Enterprise,North America,Partner,Business,3179.76,96.7,2,0.0,Reseller,96,1.3,76
2024-07-14,CUST-00412,SMB,Europe,Paid Social,Business,2594.93,,5,0.0,LinkedIn Ads,19,17.7,
2024-07-14,CUST-00418,SMB,Middle East & Africa,Paid Social,Starter,116.78,37.5,5,1.0,Meta Ads,2,18.1,-36
2024-07-15,CUST-00377,SMB,Middle East & Africa,Paid Social,Starter,161.43,60.9,3,0.0,Meta Ads,8,15.7,
2024-07-15,CUST-00385,Enterprise,North America,Organic Search,Enterprise,21754.14,99.0,3,0.0,Blog,109,3.8,73
2024-07-15,CUST-00392,SMB,APAC,Paid Social,Business,2190.72,58.3,3,0.0,Meta Ads,9,20.4,39
2024-07-15,CUST-00399,Mid-Market,Latin America,Paid Search,Growth,377.55,70.8,5,0.0,Google Ads,26,23.9,0
2024-07-15,CUST-00421,Mid-Market,North America,Referral,Enterprise,22179.73,91.2,1,0.0,Customer Referral,60,9.0,
2024-07-16,CUST-00397,Mid-Market,Europe,Partner,Growth,450.42,62.2,2,0.0,Solutions Partner,31,2.1,29
2024-07-16,CUST-00401,Mid-Market,APAC,Organic Search,Business,1762.76,94.7,2,0.0,Website SEO,30,1.5,62
2024-07-16,CUST-00415,Mid-Market,Latin America,Paid Search,Growth,646.45,67.7,5,0.0,Google Ads,20,12.6,11
2024-07-16,CUST-00417,Mid-Market,Europe,Partner,Growth,644.30,82.8,5,0.0,Solutions Partner,,3.3,
2024-07-16,CUST-00428,Mid-Market,Latin America,Paid Search,Growth,666.61,61.4,4,0.0,Google Ads,26,62.7,-4
2024-07-17,CUST-00372,Mid-Market,Middle East & Africa,Organic Search,Growth,482.14,67.1,2,0.0,Blog,26,,53
2024-07-18,CUST-00382,SMB,Europe,Paid Search,Business,1661.72,54.1,4,0.0,Bing Ads,12,6.2,18
2024-07-19,CUST-00368,SMB,Latin America,Content,Starter,78.64,73.2,3,0.0,Webinar,9,8.6,
2024-07-19,CUST-00402,SMB,North America,Paid Social,Starter,93.51,23.8,4,0.0,Meta Ads,1,18.7,-21
2024-07-19,CUST-00407,Mid-Market,Middle East & Africa,Organic Search,Business,2395.52,69.4,,0.0,Blog,35,0.0,37
2024-07-20,CUST-00389,Mid-Market,APAC,Content,Business,2070.03,81.2,7,1.0,Newsletter,31,0.0,23
2024-07-21,CUST-00384,Enterprise,Latin America,Organic Search,Enterprise,12924.10,92.7,3,0.0,Website SEO,103,5.2,66
2024-07-21,CUST-00420,Enterprise,North America,Partner,Business,3921.03,93.8,0,0.0,Solutions Partner,88,12.6,99
2024-07-22,CUST-00391,SMB,APAC,Content,Starter,157.46,65.4,3,0.0,Whitepaper,7,6.2,32
2024-07-22,CUST-00431,Enterprise,North America,Paid Social,Enterprise,11878.07,63.7,9,1.0,Retargeting,111,23.4,-8
2024-07-23,CUST-00373,SMB,North America,Organic Search,Starter,231.09,67.9,0,0.0,Website SEO,9,2.3,51
2024-07-23,CUST-00380,Enterprise,North America,Referral,Business,2632.07,99.0,4,0.0,Customer Referral,77,5.0,62
2024-07-23,CUST-00383,SMB,Europe,Partner,Starter,139.82,,2,0.0,Solutions Partner,19,6.6,27
2024-07-24,CUST-00406,SMB,North America,Paid Social,Growth,765.10,57.0,3,0.0,LinkedIn Ads,4,24.4,-2
2024-07-26,CUST-00375,Mid-Market,North America,Paid Search,Growth,630.98,65.7,2,0.0,,19,16.7,47
2024-07-26,CUST-00409,Enterprise,North America,Paid Search,Enterprise,13454.21,61.6,4,0.0,Google Ads,100,14.9,10
2024-07-27,CUST-00430,Mid-Market,Europe,Referral,Business,2494.76,99.0,4,0.0,Founder Network,27,4.5,68
2024-07-28,CUST-00381,Mid-Market,Latin America,Partner,Growth,400.22,74.0,3,0.0,Solutions Partner,53,11.9,54
2024-07-28,CUST-00390,Enterprise,North America,Referral,Enterprise,19458.24,99.0,0,0.0,Customer Referral,132,0.0,74
2024-07-28,CUST-00422,Mid-Market,North America,Organic Search,Growth,470.51,71.3,2,0.0,Website SEO,40,7.4,63
2024-07-30,CUST-00395,Enterprise,North America,Referral,Enterprise,28303.34,99.0,4,0.0,Customer Referral,133,8.7,
2024-07-30,CUST-00427,SMB,Latin America,Referral,Growth,489.67,78.9,3,0.0,Customer Referral,10,2.9,39
2024-07-31,CUST-00374,Mid-Market,Europe,Partner,Growth,363.04,64.6,0,0.0,Reseller,58,12.9,48
2024-07-31,CUST-00432,Mid-Market,North America,Partner,Growth,530.79,53.4,2,0.0,Solutions Partner,57,14.1,-3
2024-07-31,CUST-00433,Enterprise,North America,Partner,Business,3235.48,88.8,3,0.0,Solutions Partner,143,,75
2024-07-31,CUST-00434,SMB,Europe,Organic Search,Starter,81.50,60.9,0,0.0,Website SEO,14,3.4,48
2024-08-01,CUST-00442,Enterprise,APAC,Referral,Enterprise,17324.01,75.6,1,0.0,Customer Referral,104,8.5,37
2024-08-01,CUST-00448,SMB,North America,Paid Social,Growth,586.41,42.4,6,0.0,LinkedIn Ads,,16.7,-29
2024-08-01,CUST-00479,Mid-Market,North America,Organic Search,Growth,663.54,90.3,0,0.0,Website SEO,19,0.0,77
2024-08-01,CUST-00506,Mid-Market,Latin America,Partner,Enterprise,15096.53,84.0,1,0.0,Solutions Partner,60,15.8,51
2024-08-02,CUST-00507,Mid-Market,APAC,Paid Search,Growth,657.75,64.0,7,0.0,Bing Ads,28,7.1,0
2024-08-03,CUST-00438,SMB,North America,Paid Search,Starter,119.08,67.9,3,0.0,Google Ads,3,15.6,10
2024-08-03,CUST-00480,Mid-Market,North America,Referral,Business,2724.83,76.5,4,0.0,Founder Network,37,7.0,29
2024-08-03,CUST-00481,Mid-Market,Europe,Referral,Growth,498.25,75.9,,0.0,Founder Network,41,6.7,59
2024-08-03,CUST-00482,SMB,Europe,Paid Search,Growth,415.27,53.0,2,0.0,Google Ads,8,10.3,7
2024-08-03,CUST-00482,SMB,Europe,Paid Search,Growth,415.27,53.0,2,0.0,Google Ads,8,10.3,7
2024-08-04,CUST-00466,Mid-Market,Latin America,Referral,Growth,406.32,73.7,3,0.0,Customer Referral,38,2.6,68
2024-08-04,CUST-00473,Enterprise,Europe,Partner,Business,3706.98,96.9,4,0.0,Reseller,47,3.0,69
2024-08-04,CUST-00499,SMB,North America,Paid Search,Growth,827.35,64.9,6,0.0,Google Ads,5,11.1,31
2024-08-05,CUST-00437,Enterprise,Europe,Partner,Enterprise,11133.33,82.2,1,0.0,Reseller,,11.8,51
2024-08-05,CUST-00463,SMB,North America,Content,Starter,232.14,33.3,,0.0,Newsletter,20,10.2,12
2024-08-05,CUST-00477,Mid-Market,APAC,Referral,Enterprise,14727.95,87.1,1,0.0,Customer Referral,44,7.2,87
2024-08-07,CUST-00441,SMB,Latin America,Referral,Growth,538.45,71.4,1,0.0,Customer Referral,8,0.0,52
2024-08-07,CUST-00465,SMB,Latin America,Referral,Starter,109.44,54.3,1,0.0,Customer Referral,9,8.5,28
2024-08-07,CUST-00502,Mid-Market,Latin America,Referral,Business,2768.17,82.1,2,0.0,Customer Referral,26,4.5,60
2024-08-08,CUST-00443,Enterprise,Europe,Organic Search,Business,2318.42,78.8,3,0.0,Website SEO,79,6.4,56
2024-08-08,CUST-00451,SMB,Europe,Partner,Business,3279.49,84.9,2,0.0,Solutions Partner,,18.8,57
2024-08-08,CUST-00458,SMB,North America,Paid Social,Starter,154.20,47.0,2,0.0,LinkedIn Ads,6,18.9,-4
2024-08-08,CUST-00459,Enterprise,Europe,Partner,Enterprise,15416.81,75.4,,0.0,Reseller,119,17.2,61
2024-08-08,CUST-00469,SMB,North America,Paid Social,Business,1352.92,75.0,1,0.0,LinkedIn Ads,12,20.7,34
2024-08-09,CUST-00488,Mid-Market,APAC,Paid Search,Business,2324.10,83.3,3,0.0,Google Ads,41,6.5,48
2024-08-10,CUST-00440,Mid-Market,APAC,Partner,Business,1757.01,56.0,3,0.0,Solutions Partner,37,5.6,22
2024-08-11,CUST-00447,Mid-Market,North America,Organic Search,Business,3886.74,74.7,1,1.0,Blog,19,9.2,32
2024-08-11,CUST-00453,SMB,Europe,Partner,Starter,136.38,73.6,2,0.0,Reseller,34,4.5,19
2024-08-11,CUST-00500,SMB,APAC,Partner,Growth,400.48,72.3,0,0.0,Solutions Partner,26,10.4,
2024-08-13,CUST-00445,Mid-Market,Europe,Paid Search,Business,1987.90,72.2,5,0.0,Google Ads,26,7.5,42
2024-08-13,CUST-00446,Mid-Market,APAC,Referral,Business,2897.86,93.1,1,0.0,Customer Referral,48,3.7,
2024-08-13,CUST-00468,SMB,North America,Paid Social,Starter,155.65,38.7,4,0.0,,8,15.2,-20
2024-08-13,CUST-00484,Enterprise,Europe,Referral,Business,2209.99,94.1,0,0.0,Customer Referral,122,0.4,82
2024-08-14,CUST-00496,SMB,North America,Paid Search,Growth,942.08,53.7,2,0.0,Google Ads,3,3.3,27
2024-08-15,CUST-00464,SMB,Europe,Organic Search,Starter,80.53,57.1,6,1.0,Website SEO,15,7.8,
2024-08-15,CUST-00490,Mid-Market,Latin America,Partner,Growth,800.54,78.6,1,0.0,Solutions Partner,,3.1,76
2024-08-16,CUST-00439,Enterprise,North America,Paid Social,Enterprise,19536.09,83.4,4,0.0,LinkedIn Ads,115,24.3,36
2024-08-16,CUST-00460,SMB,North America,Paid Search,Growth,522.91,58.6,4,1.0,Google Ads,19,17.2,
2024-08-16,CUST-00475,Enterprise,APAC,Organic Search,Enterprise,20570.41,99.0,5,0.0,Website SEO,67,8.8,84
2024-08-17,CUST-00457,SMB,Europe,Referral,Business,1888.77,80.7,4,0.0,Customer Referral,14,0.0,57
2024-08-17,CUST-00486,SMB,Europe,Organic Search,Starter,140.50,57.4,3,0.0,Website SEO,16,8.1,27
2024-08-17,CUST-00508,Mid-Market,APAC,Paid Social,Growth,542.25,34.1,10,1.0,Meta Ads,42,17.5,-43
2024-08-19,CUST-00452,SMB,APAC,Paid Search,Starter,63.02,71.6,0,0.0,Google Ads,7,15.9,38
2024-08-19,CUST-00456,Mid-Market,North America,Referral,Growth,1159.24,,3,0.0,Customer Referral,36,0.0,40
2024-08-19,CUST-00497,SMB,North America,Organic Search,Growth,971.65,80.9,0,0.0,Website SEO,20,3.8,58
2024-08-20,CUST-00462,Mid-Market,North America,Organic Search,Growth,982.26,81.4,2,0.0,Website SEO,38,,56
2024-08-20,CUST-00470,Mid-Market,APAC,Paid Social,Growth,576.40,63.9,2,0.0,LinkedIn Ads,27,20.8,
2024-08-20,CUST-00478,Mid-Market,North America,Referral,Business,3337.43,85.1,1,0.0,Customer Referral,36,0.0,67
2024-08-20,CUST-00491,Enterprise,Latin America,Organic Search,Business,3641.42,97.7,2,0.0,Website SEO,,0.0,95
2024-08-21,CUST-00444,Mid-Market,North America,Organic Search,Business,3845.30,78.3,5,0.0,Marketplace,30,0.0,42
2024-08-21,CUST-00483,Mid-Market,North America,Paid Search,Business,3428.32,76.6,3,1.0,Google Ads,24,13.7,10
2024-08-24,CUST-00467,Mid-Market,North America,Paid Search,Business,1504.30,76.1,1,0.0,Google Ads,30,21.4,75
2024-08-24,CUST-00487,SMB,North America,Paid Social,Starter,68.04,44.4,8,1.0,LinkedIn Ads,2,29.1,-24
2024-08-24,CUST-00489,SMB,North America,Partner,Starter,250.85,61.4,2,0.0,Reseller,35,10.5,32
2024-08-24,CUST-00492,SMB,Europe,Paid Search,Starter,159.83,55.1,5,1.0,Google Ads,7,23.5,-39
2024-08-24,CUST-00505,Enterprise,Europe,Organic Search,Enterprise,28658.19,88.1,0,0.0,Website SEO,94,9.9,75
2024-08-25,CUST-00461,Enterprise,North America,Paid Search,Enterprise,22292.80,22.5,36,1.0,Google Ads,52,20.4,-24
2024-08-25,CUST-00494,SMB,Europe,Paid Search,Growth,314.19,73.7,6,0.0,Retargeting,4,12.8,41
2024-08-25,CUST-00504,Mid-Market,APAC,Referral,Growth,520.19,87.5,3,0.0,Customer Referral,30,0.0,
2024-08-26,CUST-00454,Enterprise,APAC,Paid Search,Business,3782.68,72.2,3,0.0,Google Ads,99,,19
2024-08-26,CUST-00471,SMB,North America,Content,Starter,149.03,49.9,4,0.0,Newsletter,,3.5,-3
2024-08-26,CUST-00501,Enterprise,North America,Organic Search,Business,4700.72,78.8,6,1.0,Website SEO,68,4.6,34
2024-08-27,CUST-00493,Mid-Market,North America,Organic Search,Business,3988.49,99.0,2,0.0,Website SEO,49,7.4,98
2024-08-27,CUST-00498,Mid-Market,North America,Referral,Growth,881.52,86.8,2,0.0,Customer Referral,40,1.1,
2024-08-28,CUST-00449,Enterprise,APAC,Partner,Enterprise,9317.56,99.0,0,0.0,Solutions Partner,102,20.8,79
2024-08-29,CUST-00455,Enterprise,North America,Partner,Business,4725.05,82.0,0,0.0,Solutions Partner,112,17.9,48
2024-08-29,CUST-00455,Enterprise,North America,Partner,Business,4725.05,82.0,0,0.0,Solutions Partner,112,17.9,48
2024-08-30,CUST-00450,Mid-Market,Latin America,Partner,Business,2654.51,87.3,4,0.0,Solutions Partner,66,4.8,27
2024-08-30,CUST-00472,Enterprise,Europe,Organic Search,Business,4076.46,95.2,3,0.0,Website SEO,92,13.1,75
2024-08-30,CUST-00474,SMB,North America,Paid Search,Growth,359.92,,5,0.0,,7,13.7,-21
2024-08-30,CUST-00485,Mid-Market,Middle East & Africa,Organic Search,Business,1887.32,90.6,2,0.0,Website SEO,37,3.3,68
2024-08-30,CUST-00503,Mid-Market,Europe,Organic Search,Business,1888.37,79.6,0,0.0,Website SEO,29,0.0,51
2024-08-31,CUST-00476,SMB,APAC,Organic Search,Growth,537.73,60.5,2,0.0,Blog,13,7.2,23
2024-08-31,CUST-00495,Mid-Market,North America,Referral,Growth,624.25,82.4,0,0.0,Customer Referral,30,10.8,71
2024-09-01,CUST-00526,SMB,North America,Organic Search,Business,1770.31,55.2,2,0.0,Website SEO,,4.8,
2024-09-01,CUST-00532,Enterprise,North America,Partner,Business,4459.97,99.0,0,0.0,Solutions Partner,88,13.2,66
2024-09-01,CUST-00571,Mid-Market,APAC,Organic Search,Business,2323.84,69.6,4,0.0,Marketplace,33,4.6,41
2024-09-01,CUST-00583,Mid-Market,APAC,Organic Search,Growth,462.60,60.8,3,0.0,Blog,36,9.4,23
2024-09-02,CUST-00520,SMB,APAC,Organic Search,Growth,526.81,82.0,3,1.0,Website SEO,,3.1,34
2024-09-02,CUST-00527,Mid-Market,APAC,Paid Search,Business,2280.64,49.9,8,1.0,Google Ads,34,22.6,-21
2024-09-02,CUST-00561,Enterprise,North America,Organic Search,Enterprise,8805.85,79.2,3,0.0,Website SEO,71,17.5,56
2024-09-03,CUST-00554,SMB,Europe,Organic Search,Starter,112.91,55.7,1,0.0,Marketplace,13,2.4,21
2024-09-03,CUST-00563,SMB,North America,Referral,Growth,446.77,66.2,2,0.0,Customer Referral,10,8.7,40
2024-09-03,CUST-00573,Enterprise,Europe,Partner,Enterprise,12459.22,85.4,5,0.0,Reseller,82,13.6,51
2024-09-03,CUST-00575,SMB,North America,Organic Search,Growth,422.56,71.2,4,0.0,Website SEO,11,4.1,32
2024-09-04,CUST-00511,Enterprise,North America,Partner,Enterprise,19109.32,99.0,1,0.0,Reseller,111,15.6,54
2024-09-04,CUST-00519,Mid-Market,Europe,Organic Search,Growth,415.03,89.3,3,0.0,Blog,47,5.4,58
2024-09-04,CUST-00519,Mid-Market,Europe,Organic Search,Growth,415.03,89.3,3,0.0,Blog,47,5.4,58
2024-09-05,CUST-00537,Enterprise,Europe,Partner,Business,3719.77,81.7,5,0.0,Solutions Partner,114,1.3,49
2024-09-05,CUST-00540,SMB,Europe,Paid Search,Starter,188.64,42.7,5,1.0,Google Ads,7,12.0,-35
2024-09-05,CUST-00552,SMB,North America,Referral,Starter,246.19,79.8,3,0.0,Founder Network,11,3.8,69
2024-09-05,CUST-00555,SMB,North America,Organic Search,Starter,142.63,76.9,0,0.0,Website SEO,15,3.9,63
2024-09-05,CUST-00559,Mid-Market,North America,Referral,Business,1730.11,77.3,2,0.0,Customer Referral,33,0.0,48
2024-09-05,CUST-00560,Mid-Market,Middle East & Africa,Paid Search,Business,1981.53,27.9,57,1.0,Google Ads,,12.3,-40
2024-09-05,CUST-00564,SMB,North America,Paid Search,Growth,387.78,,9,1.0,Google Ads,13,17.0,
2024-09-06,CUST-00581,SMB,Europe,Referral,Growth,474.74,69.1,0,0.0,Customer Referral,5,0.0,55
2024-09-08,CUST-00536,SMB,North America,Referral,Growth,684.08,62.1,0,0.0,Customer Referral,12,4.3,8
2024-09-08,CUST-00538,Mid-Market,APAC,Referral,Business,2596.09,98.8,2,0.0,Customer Referral,,0.0,84
2024-09-08,CUST-00565,SMB,North America,Paid Search,Business,1006.62,47.9,8,1.0,Google Ads,14,,
2024-09-08,CUST-00578,SMB,North America,Organic Search,Growth,831.91,48.5,1,0.0,Website SEO,11,5.2,21
2024-09-09,CUST-00512,SMB,North America,Referral,Growth,406.80,57.0,2,0.0,Customer Referral,22,3.8,12
2024-09-09,CUST-00562,Mid-Market,North America,Paid Search,Business,2203.78,74.2,0,0.0,Bing Ads,47,14.8,42
2024-09-09,CUST-00567,Mid-Market,APAC,Partner,Enterprise,23641.53,71.8,1,0.0,Solutions Partner,53,,53
2024-09-09,CUST-00580,Mid-Market,North America,Organic Search,Business,2231.94,94.9,2,0.0,Website SEO,33,6.9,77
2024-09-10,CUST-00543,SMB,Europe,Referral,Growth,451.73,69.0,0,0.0,Customer Referral,16,7.8,44
2024-09-10,CUST-00547,SMB,Europe,Referral,Growth,758.25,83.2,,0.0,Customer Referral,12,1.6,61
2024-09-10,CUST-00574,SMB,Europe,Referral,Starter,133.24,76.8,0,0.0,Customer Referral,12,11.9,52
2024-09-10,CUST-00579,Mid-Market,North America,Organic Search,Growth,1140.53,71.9,2,0.0,Website SEO,36,0.0,52
2024-09-11,CUST-00517,Enterprise,North America,Paid Search,Enterprise,16547.29,99.0,2,0.0,Retargeting,106,18.8,82
2024-09-11,CUST-00539,Mid-Market,Europe,Organic Search,Business,3319.44,96.7,0,0.0,Website SEO,35,1.5,74
2024-09-12,CUST-00582,SMB,North America,Paid Search,Starter,210.53,38.7,2,0.0,Retargeting,7,,-12
2024-09-12,CUST-00589,Mid-Market,North America,Partner,Business,2238.62,66.6,4,0.0,Solutions Partner,,7.2,26
2024-09-13,CUST-00523,Mid-Market,APAC,Partner,Business,3384.37,83.9,0,0.0,Reseller,37,10.3,78
2024-09-13,CUST-00524,Mid-Market,Latin America,Paid Search,Business,2611.86,70.7,6,1.0,Bing Ads,33,15.8,22
2024-09-13,CUST-00551,SMB,North America,Organic Search,Growth,455.56,92.6,3,0.0,Website SEO,12,,58
2024-09-13,CUST-00569,Mid-Market,APAC,Paid Search,Business,1556.65,98.0,0,0.0,Google Ads,35,7.3,72
2024-09-13,CUST-00570,Mid-Market,Latin America,Partner,Business,2196.10,93.3,1,0.0,Solutions Partner,67,,83
2024-09-13,CUST-00588,SMB,North America,Referral,Growth,967.96,45.5,3,0.0,Customer Referral,16,3.0,6
2024-09-13,CUST-00588,SMB,North America,Referral,Growth,967.96,45.5,3,0.0,Customer Referral,16,3.0,6
2024-09-14,CUST-00558,Mid-Market,Middle East & Africa,Organic Search,Growth,626.52,70.6,2,0.0,Website SEO,34,10.9,48
2024-09-14,CUST-00558,Mid-Market,Middle East & Africa,Organic Search,Growth,626.52,70.6,2,0.0,Website SEO,34,10.9,48
2024-09-14,CUST-00587,SMB,North America,Paid Search,Growth,340.39,65.9,0,0.0,Google Ads,8,11.2,48
2024-09-16,CUST-00548,Mid-Market,Latin America,Referral,Business,2921.74,96.5,3,0.0,Customer Referral,43,,60
2024-09-16,CUST-00584,Mid-Market,North America,Paid Search,Growth,400.86,78.0,6,1.0,Google Ads,,3.4,13
2024-09-17,CUST-00510,SMB,Europe,Paid Search,Starter,150.44,61.4,3,0.0,Google Ads,9,9.8,
2024-09-17,CUST-00525,SMB,Europe,Referral,Business,1230.22,67.6,3,0.0,Customer Referral,9,6.6,21
2024-09-18,CUST-00516,Mid-Market,North America,Partner,Growth,887.63,64.6,4,0.0,Reseller,60,8.7,26
2024-09-18,CUST-00577,Enterprise,APAC,Organic Search,Business,3474.77,74.4,2,0.0,Website SEO,48,4.4,44
2024-09-19,CUST-00514,SMB,North America,Partner,Starter,248.37,78.3,2,0.0,Reseller,36,1.0,
2024-09-19,CUST-00521,Mid-Market,North America,Paid Social,Business,1285.59,65.0,3,0.0,Meta Ads,31,25.7,
2024-09-19,CUST-00535,Mid-Market,North America,Paid Search,Business,2964.71,65.9,5,0.0,Google Ads,28,18.9,5
2024-09-19,CUST-00553,Mid-Market,North America,Partner,Business,2179.50,97.0,4,1.0,Reseller,52,9.6,67
2024-09-20,CUST-00522,SMB,Middle East & Africa,Organic Search,Growth,325.63,65.0,,0.0,Website SEO,,8.4,37
2024-09-20,CUST-00533,SMB,Latin America,Paid Search,Starter,107.47,45.8,3,0.0,Google Ads,2,12.7,26
2024-09-20,CUST-00544,SMB,Europe,Paid Social,Growth,659.51,56.8,6,1.0,Meta Ads,11,20.7,
2024-09-20,CUST-00576,Mid-Market,Europe,Referral,Business,2322.32,99.0,2,0.0,Customer Referral,36,3.2,
2024-09-21,CUST-00541,Mid-Market,Europe,Referral,Business,1522.78,70.1,2,0.0,Founder Network,30,8.7,24
2024-09-21,CUST-00572,SMB,Europe,Paid Search,Growth,584.23,45.3,6,0.0,Google Ads,7,,-34
2024-09-21,CUST-00590,SMB,APAC,Organic Search,Starter,155.13,71.6,2,0.0,Website SEO,19,3.1,
2024-09-22,CUST-00530,SMB,APAC,Organic Search,Starter,112.65,43.0,1,0.0,Website SEO,,3.7,10
2024-09-22,CUST-00556,Mid-Market,North America,Content,Growth,403.28,76.6,3,0.0,Newsletter,32,2.8,61
2024-09-23,CUST-00534,Enterprise,North America,Partner,Business,3698.91,81.4,2,0.0,Solutions Partner,105,8.7,24
2024-09-23,CUST-00550,Mid-Market,Europe,Partner,Growth,680.65,68.0,3,0.0,Reseller,46,8.7,17
2024-09-23,CUST-00591,Enterprise,APAC,Organic Search,Enterprise,17522.76,84.8,1,0.0,Website SEO,126,9.4,
2024-09-24,CUST-00513,Enterprise,Latin America,Partner,Business,2504.56,99.0,1,0.0,Solutions Partner,57,10.6,95
2024-09-24,CUST-00528,SMB,Europe,Referral,Starter,203.56,69.9,2,0.0,Customer Referral,7,1.9,47
2024-09-24,CUST-00545,SMB,North America,Referral,Starter,126.27,74.2,1,0.0,Customer Referral,17,15.8,58
2024-09-24,CUST-00568,Mid-Market,North America,Referral,Business,3740.88,99.0,0,0.0,Customer Referral,40,0.0,77
2024-09-26,CUST-00509,Enterprise,North America,Partner,Enterprise,20085.23,99.0,1,0.0,Reseller,91,20.0,97
2024-09-26,CUST-00542,Enterprise,Europe,Content,Enterprise,30771.70,91.7,3,0.0,Newsletter,,6.0,94
2024-09-26,CUST-00557,Mid-Market,North America,Content,Growth,563.02,84.8,2,0.0,Whitepaper,22,0.8,69
2024-09-26,CUST-00585,Mid-Market,Latin America,Organic Search,Business,2368.30,71.5,3,0.0,Website SEO,27,5.1,
2024-09-27,CUST-00515,SMB,Europe,Paid Search,Starter,91.38,40.7,3,0.0,Google Ads,8,12.2,-4
2024-09-27,CUST-00529,Enterprise,North America,Partner,Enterprise,32802.13,99.0,3,0.0,Solutions Partner,144,,68
2024-09-27,CUST-00546,Mid-Market,APAC,Partner,Growth,1000.61,73.3,0,0.0,Solutions Partner,52,3.7,80
2024-09-27,CUST-00586,Enterprise,APAC,Partner,Enterprise,13315.62,88.9,0,0.0,Solutions Partner,143,5.2,76
2024-09-28,CUST-00518,Mid-Market,Europe,Partner,Growth,391.88,69.5,4,0.0,Solutions Partner,37,12.1,39
2024-09-28,CUST-00566,SMB,APAC,Paid Search,Starter,183.05,53.1,6,0.0,Google Ads,2,12.1,-12
2024-09-29,CUST-00549,Enterprise,Europe,Partner,Enterprise,13224.38,80.0,1,0.0,Solutions Partner,141,,
2024-09-30,CUST-00531,Mid-Market,North America,Paid Search,Business,3374.82,73.4,2,0.0,Bing Ads,25,11.9,40
2024-10-01,CUST-00634,Mid-Market,APAC,Organic Search,Growth,757.99,85.1,2,0.0,Website SEO,,4.3,61
2024-10-01,CUST-00655,Enterprise,North America,Paid Social,Business,4716.01,72.1,2,0.0,,87,14.2,31
2024-10-02,CUST-00614,Mid-Market,North America,Content,Business,3762.50,68.5,2,0.0,Newsletter,42,9.7,
2024-10-02,CUST-00658,SMB,North America,Paid Search,Growth,382.59,54.4,2,0.0,Bing Ads,11,5.2,7
2024-10-03,CUST-00672,SMB,Europe,Paid Search,Growth,404.78,46.9,4,0.0,Google Ads,9,13.0,-16
2024-10-03,CUST-00674,SMB,Europe,Organic Search,Growth,615.22,69.3,,0.0,Website SEO,18,6.6,53
2024-10-04,CUST-00592,SMB,Europe,Paid Social,Growth,474.73,67.3,6,1.0,LinkedIn Ads,7,27.5,-9
2024-10-04,CUST-00604,SMB,North America,Paid Search,Growth,495.38,13.9,36,1.0,Google Ads,9,,-67
2024-10-04,CUST-00629,Mid-Market,Europe,Referral,Growth,602.44,74.0,1,0.0,Customer Referral,28,8.0,30
2024-10-04,CUST-00632,Mid-Market,Europe,Content,Growth,747.67,64.1,4,0.0,Whitepaper,49,10.5,28
2024-10-04,CUST-00633,SMB,Europe,Organic Search,Starter,143.21,68.0,2,0.0,Website SEO,8,5.9,39
2024-10-04,CUST-00667,SMB,North America,Paid Search,Starter,112.62,35.8,3,0.0,Google Ads,,26.3,-7
2024-10-04,CUST-00669,Enterprise,Europe,Referral,Enterprise,25207.59,99.0,0,0.0,Founder Network,112,6.8,67
2024-10-04,CUST-00671,Mid-Market,North America,Paid Search,Business,3857.42,70.7,5,1.0,Bing Ads,36,17.3,17
2024-10-05,CUST-00625,SMB,North America,Paid Search,Starter,121.41,39.3,5,0.0,Google Ads,10,21.3,-35
2024-10-05,CUST-00648,SMB,North America,Content,Growth,383.87,82.4,3,0.0,Webinar,10,5.3,59
2024-10-05,CUST-00657,Mid-Market,North America,Paid Search,Business,3419.88,,1,0.0,Google Ads,33,14.4,28
2024-10-06,CUST-00644,SMB,APAC,Organic Search,Starter,100.22,61.1,6,0.0,Website SEO,10,15.7,26
2024-10-06,CUST-00653,Enterprise,Europe,Organic Search,Enterprise,21960.97,97.8,3,0.0,Blog,130,17.4,66
2024-10-06,CUST-00662,Enterprise,APAC,Partner,Business,2230.07,86.6,4,0.0,Solutions Partner,78,10.4,57
2024-10-06,CUST-00677,Mid-Market,APAC,Organic Search,Business,2316.97,99.0,2,0.0,Marketplace,29,0.0,72
2024-10-07,CUST-00594,SMB,APAC,Organic Search,Starter,199.33,59.9,2,0.0,Website SEO,7,4.9,39
2024-10-07,CUST-00631,Mid-Market,APAC,Paid Social,Business,1778.03,53.3,3,0.0,Meta Ads,37,23.1,-1
2024-10-07,CUST-00645,Mid-Market,North America,Paid Search,Enterprise,17467.32,52.7,7,1.0,Google Ads,53,18.0,
2024-10-08,CUST-00599,Enterprise,North America,Paid Social,Business,1322.23,58.2,5,0.0,LinkedIn Ads,105,26.0,3
2024-10-08,CUST-00642,Enterprise,Europe,Paid Search,Enterprise,8888.85,78.9,3,0.0,Google Ads,102,18.5,63
2024-10-08,CUST-00642,Enterprise,Europe,Paid Search,Enterprise,8888.85,78.9,3,0.0,Google Ads,102,18.5,63
2024-10-09,CUST-00597,SMB,APAC,Partner,Starter,94.40,65.6,2,0.0,Solutions Partner,43,8.7,27
2024-10-09,CUST-00602,Mid-Market,Latin America,Paid Search,Growth,459.50,55.6,3,0.0,Google Ads,29,8.2,
2024-10-10,CUST-00606,Mid-Market,North America,Organic Search,Business,2124.63,84.9,2,0.0,Website SEO,31,13.0,
2024-10-10,CUST-00618,Enterprise,Europe,Organic Search,Enterprise,23422.93,84.2,4,0.0,Website SEO,89,14.5,63
2024-10-10,CUST-00660,Enterprise,Europe,Organic Search,Business,2493.15,90.3,0,0.0,Website SEO,85,10.6,71
2024-10-11,CUST-00609,SMB,Europe,Paid Search,Starter,122.18,45.9,3,0.0,Retargeting,4,17.9,-15
2024-10-11,CUST-00623,Enterprise,North America,Referral,Enterprise,30554.35,99.0,1,0.0,Customer Referral,68,3.4,68
2024-10-11,CUST-00647,SMB,APAC,Referral,Starter,78.31,75.1,2,0.0,Customer Referral,11,5.6,47
2024-10-12,CUST-00596,SMB,Europe,Paid Search,Starter,156.29,50.8,4,0.0,Retargeting,8,5.6,
2024-10-12,CUST-00650,SMB,North America,Organic Search,Growth,901.49,60.7,0,0.0,Website SEO,17,2.8,38
2024-10-13,CUST-00611,SMB,North America,Paid Social,Growth,323.69,48.5,5,0.0,LinkedIn Ads,1,17.6,-6
2024-10-13,CUST-00673,SMB,Europe,Organic Search,Starter,111.71,68.5,0,0.0,Website SEO,12,2.1,66
2024-10-14,CUST-00610,Enterprise,North America,Organic Search,Business,2467.60,99.0,1,0.0,Website SEO,90,11.9,74
2024-10-14,CUST-00627,SMB,APAC,Referral,Growth,587.60,86.3,0,0.0,Customer Referral,16,8.1,83
2024-10-14,CUST-00670,Mid-Market,APAC,Paid Social,Business,1894.32,56.4,3,0.0,Retargeting,47,16.5,42
2024-10-15,CUST-00617,Enterprise,North America,Partner,Enterprise,21387.23,88.0,8,1.0,Solutions Partner,66,0.1,48
2024-10-15,CUST-00621,Mid-Market,Europe,Paid Search,Business,2723.77,79.6,3,0.0,Google Ads,47,16.6,
2024-10-15,CUST-00636,Mid-Market,North America,Paid Social,Growth,767.48,49.4,6,0.0,Retargeting,21,13.8,-9
2024-10-15,CUST-00666,Mid-Market,Europe,Referral,Growth,744.21,74.8,3,0.0,Customer Referral,41,,50
2024-10-15,CUST-00668,Mid-Market,APAC,Organic Search,Growth,758.21,99.0,0,0.0,Website SEO,34,4.6,94
2024-10-16,CUST-00608,Enterprise,Middle East & Africa,Partner,Enterprise,14047.45,68.6,2,0.0,Solutions Partner,118,7.2,33
2024-10-16,CUST-00616,Enterprise,North America,Partner,Enterprise,10450.63,85.8,3,0.0,Solutions Partner,116,9.2,
2024-10-16,CUST-00622,SMB,Europe,Paid Social,Growth,485.16,40.4,3,0.0,,5,21.7,-10
2024-10-17,CUST-00595,Mid-Market,North America,Organic Search,Business,4103.02,79.4,1,0.0,Website SEO,24,6.8,75
2024-10-17,CUST-00598,Mid-Market,Europe,Paid Social,Business,3467.66,87.2,2,0.0,Retargeting,35,19.2,40
2024-10-17,CUST-00601,SMB,APAC,Paid Social,Growth,230.09,36.7,4,0.0,LinkedIn Ads,1,23.2,-29
2024-10-18,CUST-00603,Mid-Market,North America,Organic Search,Business,2560.13,49.7,3,0.0,Blog,33,0.0,10
2024-10-18,CUST-00638,Enterprise,APAC,Referral,Business,2712.00,79.6,0,0.0,Founder Network,79,1.6,83
2024-10-18,CUST-00651,Enterprise,APAC,Paid Social,Enterprise,9913.56,83.1,5,0.0,Meta Ads,108,24.6,44
2024-10-19,CUST-00612,Mid-Market,North America,Paid Search,Growth,933.22,60.2,2,0.0,Retargeting,23,14.8,19
2024-10-19,CUST-00615,Mid-Market,North America,Referral,Growth,613.41,95.3,4,0.0,Customer Referral,32,2.0,42
2024-10-19,CUST-00640,SMB,Europe,Paid Social,Starter,170.69,46.1,6,0.0,LinkedIn Ads,,63.4,
2024-10-19,CUST-00665,SMB,North America,Paid Social,Growth,683.68,55.7,5,0.0,Meta Ads,5,20.0,-18
2024-10-20,CUST-00600,Mid-Market,Europe,Partner,Enterprise,8526.27,85.9,2,0.0,Solutions Partner,96,12.1,79
2024-10-20,CUST-00619,Mid-Market,Europe,Referral,Business,1832.02,96.4,1,0.0,Customer Referral,44,0.0,
2024-10-20,CUST-00620,Mid-Market,APAC,Partner,Growth,776.93,75.0,4,0.0,Solutions Partner,45,11.2,34
2024-10-20,CUST-00635,SMB,North America,Organic Search,Growth,411.73,91.0,1,0.0,Website SEO,10,0.0,73
2024-10-20,CUST-00639,SMB,North America,Referral,Growth,494.76,63.1,4,0.0,Customer Referral,13,0.0,34
2024-10-21,CUST-00646,Mid-Market,North America,Organic Search,Growth,545.33,67.6,6,0.0,Website SEO,31,9.0,26
2024-10-22,CUST-00661,Mid-Market,Europe,Organic Search,Business,1737.32,78.1,3,0.0,Marketplace,22,3.7,
2024-10-22,CUST-00664,SMB,North America,Referral,Growth,503.09,90.6,0,0.0,Founder Network,14,5.8,93
2024-10-23,CUST-00659,Enterprise,Latin America,Referral,Enterprise,20791.01,74.4,4,0.0,Customer Referral,85,6.7,38
2024-10-24,CUST-00649,SMB,North America,Paid Search,Business,2915.95,64.0,,0.0,Google Ads,10,16.9,
2024-10-24,CUST-00652,SMB,North America,Paid Social,Starter,110.20,53.2,3,0.0,LinkedIn Ads,2,19.9,22
2024-10-24,CUST-00663,Enterprise,North America,Organic Search,Enterprise,29151.91,85.8,1,0.0,Blog,123,2.0,59
2024-10-25,CUST-00593,SMB,Latin America,Referral,Starter,81.93,67.9,2,0.0,Customer Referral,17,0.0,50
2024-10-25,CUST-00605,Mid-Market,North America,Paid Search,Business,3398.23,65.3,5,1.0,Retargeting,34,17.2,-10
2024-10-25,CUST-00607,Enterprise,Europe,Partner,Enterprise,17041.20,59.6,5,0.0,Solutions Partner,123,5.9,-19
2024-10-25,CUST-00637,SMB,APAC,Paid Social,Starter,136.24,39.9,3,0.0,Meta Ads,,14.0,-14
2024-10-25,CUST-00675,SMB,Europe,Paid Search,Growth,292.48,53.7,3,0.0,Google Ads,8,18.0,4
2024-10-26,CUST-00613,SMB,North America,Organic Search,Starter,131.29,64.3,2,0.0,Website SEO,14,4.0,43
2024-10-29,CUST-00624,Mid-Market,North America,Organic Search,Growth,889.02,72.7,2,0.0,Website SEO,34,10.1,40
2024-10-29,CUST-00626,Mid-Market,APAC,Referral,Business,2690.27,90.2,2,0.0,Founder Network,44,0.9,77
2024-10-29,CUST-00641,Mid-Market,North America,Partner,Business,4105.80,87.5,0,0.0,Solutions Partner,57,10.3,
2024-10-29,CUST-00654,Enterprise,North America,Partner,Enterprise,22027.67,86.1,1,0.0,Solutions Partner,97,13.7,58
2024-10-29,CUST-00676,Mid-Market,Latin America,Content,Business,2330.37,95.6,2,0.0,Whitepaper,47,8.2,51
2024-10-30,CUST-00628,Mid-Market,North America,Organic Search,Enterprise,18402.07,97.6,0,0.0,Website SEO,,2.9,99
2024-10-31,CUST-00630,SMB,North America,Referral,Starter,211.71,69.2,,0.0,Customer Referral,13,0.0,14
2024-10-31,CUST-00643,SMB,North America,Paid Social,Starter,199.96,35.1,8,1.0,LinkedIn Ads,4,15.8,
2024-10-31,CUST-00656,Mid-Market,APAC,Referral,Growth,645.09,85.2,1,0.0,Customer Referral,27,7.6,63
2024-10-31,CUST-00656,Mid-Market,APAC,Referral,Growth,645.09,85.2,1,0.0,Customer Referral,27,7.6,63
2024-11-01,CUST-00695,Mid-Market,North America,Organic Search,Growth,456.78,67.7,4,0.0,Website SEO,43,5.4,17
2024-11-01,CUST-00726,Mid-Market,Europe,Paid Search,Business,2898.59,72.3,2,0.0,Bing Ads,24,8.0,24
2024-11-01,CUST-00741,Enterprise,APAC,Referral,Business,2762.41,99.0,1,0.0,Customer Referral,85,7.6,53
2024-11-02,CUST-00712,Enterprise,Europe,Organic Search,Enterprise,12748.44,86.9,3,0.0,Blog,79,9.3,35
2024-11-02,CUST-00718,Enterprise,Europe,Referral,Business,2185.68,99.0,2,0.0,Customer Referral,54,0.4,86
2024-11-03,CUST-00705,Mid-Market,North America,Organic Search,Business,4567.74,85.4,2,0.0,Website SEO,27,0.3,47
2024-11-03,CUST-00708,SMB,North America,Content,Starter,102.14,68.7,3,0.0,Newsletter,18,16.4,28
2024-11-04,CUST-00687,Mid-Market,North America,Organic Search,Growth,557.70,67.7,1,0.0,Website SEO,37,11.4,40
2024-11-04,CUST-00736,SMB,North America,Organic Search,Growth,651.59,94.1,1,0.0,Blog,15,,93
2024-11-05,CUST-00693,SMB,APAC,Paid Social,Growth,484.43,59.0,5,1.0,LinkedIn Ads,6,15.8,-28
2024-11-05,CUST-00696,Mid-Market,Latin America,Partner,Growth,366.83,97.6,1,0.0,Solutions Partner,62,12.6,83
2024-11-05,CUST-00707,Enterprise,APAC,Organic Search,Enterprise,8426.52,94.1,1,0.0,Website SEO,104,13.0,
2024-11-05,CUST-00717,Mid-Market,Europe,Partner,Business,4614.48,86.4,5,0.0,Solutions Partner,48,6.3,65
2024-11-05,CUST-00737,SMB,North America,Referral,Growth,513.43,80.5,2,0.0,Customer Referral,17,2.6,49
2024-11-06,CUST-00694,SMB,North America,Paid Social,Growth,814.77,36.2,10,1.0,LinkedIn Ads,,18.7,-66
2024-11-06,CUST-00710,SMB,APAC,Content,Growth,274.07,69.9,0,0.0,Webinar,,5.9,45
2024-11-06,CUST-00719,SMB,North America,Organic Search,Starter,163.70,39.7,2,0.0,Website SEO,13,0.0,9
2024-11-06,CUST-00758,SMB,North America,Content,Starter,205.33,61.5,1,0.0,Newsletter,9,2.3,35
2024-11-07,CUST-00699,Mid-Market,APAC,Referral,Business,2751.89,72.5,,0.0,Customer Referral,35,0.8,63
2024-11-07,CUST-00700,SMB,APAC,Paid Search,Growth,613.18,73.6,5,1.0,Google Ads,8,11.3,
2024-11-07,CUST-00720,Mid-Market,North America,Organic Search,Growth,1001.83,96.3,1,0.0,Website SEO,33,0.0,
2024-11-07,CUST-00723,Mid-Market,APAC,Organic Search,Business,2198.22,87.2,0,0.0,Blog,42,0.0,
2024-11-07,CUST-00729,Enterprise,North America,Organic Search,Enterprise,23535.83,74.8,0,0.0,Blog,75,9.9,62
2024-11-08,CUST-00698,SMB,Europe,Paid Search,Business,2100.51,71.5,3,0.0,Google Ads,9,16.2,
2024-11-08,CUST-00734,SMB,North America,Organic Search,Starter,161.44,,6,1.0,Website SEO,14,0.0,-9
2024-11-08,CUST-00739,SMB,North America,Paid Search,Starter,110.39,54.7,2,1.0,Google Ads,11,19.0,-6
2024-11-09,CUST-00689,Enterprise,Europe,Referral,Enterprise,25236.60,99.0,6,0.0,Customer Referral,106,7.4,74
2024-11-09,CUST-00751,Mid-Market,Latin America,Paid Search,Enterprise,18682.97,58.2,1,0.0,,60,14.6,38
2024-11-10,CUST-00732,Mid-Market,North America,Referral,Growth,449.62,72.1,7,0.0,Customer Referral,36,4.0,
2024-11-12,CUST-00682,SMB,APAC,Paid Search,Business,1458.81,58.5,2,0.0,Google Ads,8,20.6,20
2024-11-12,CUST-00691,Enterprise,North America,Partner,Enterprise,18554.75,99.0,3,1.0,Solutions Partner,,13.5,55
2024-11-12,CUST-00714,Mid-Market,Europe,Paid Social,Business,1735.60,54.4,3,0.0,Meta Ads,,18.5,-7
2024-11-12,CUST-00722,Mid-Market,North America,Organic Search,Growth,476.40,75.3,3,0.0,Website SEO,42,0.0,52
2024-11-12,CUST-00722,Mid-Market,North America,Organic Search,Growth,476.40,75.3,3,0.0,Website SEO,42,0.0,52
2024-11-13,CUST-00683,SMB,Europe,Paid Search,Growth,815.28,61.7,4,0.0,Google Ads,1,,6
2024-11-13,CUST-00685,Mid-Market,North America,Partner,Business,4418.01,86.0,0,0.0,Reseller,34,0.5,69
2024-11-13,CUST-00755,SMB,North America,Referral,Growth,781.84,75.1,0,0.0,Customer Referral,11,4.5,38
2024-11-14,CUST-00749,SMB,Europe,Referral,Starter,136.04,62.3,0,0.0,Founder Network,14,0.0,48
2024-11-15,CUST-00678,SMB,North America,Organic Search,Growth,1000.79,87.1,3,0.0,Website SEO,14,0.0,67
2024-11-15,CUST-00692,Mid-Market,North America,Organic Search,Business,4770.08,84.6,2,0.0,Blog,42,0.0,53
2024-11-15,CUST-00744,Mid-Market,Europe,Content,Growth,761.29,99.0,4,0.0,Whitepaper,47,13.0,73
2024-11-15,CUST-00745,Enterprise,North America,Organic Search,Enterprise,26588.19,99.0,4,0.0,Website SEO,62,17.5,60
2024-11-15,CUST-00746,SMB,APAC,Paid Social,Growth,328.47,56.1,3,0.0,LinkedIn Ads,9,16.8,16
2024-11-16,CUST-00709,Mid-Market,North America,Referral,Enterprise,28795.86,95.8,0,0.0,Customer Referral,42,9.1,86
2024-11-16,CUST-00735,SMB,Latin America,Paid Search,Growth,341.05,56.4,,0.0,Google Ads,3,7.7,24
2024-11-17,CUST-00724,SMB,Europe,Paid Social,Starter,74.97,35.7,5,0.0,LinkedIn Ads,,34.0,-28
2024-11-17,CUST-00747,SMB,North America,Paid Search,Starter,140.23,74.7,0,0.0,Google Ads,3,22.6,
2024-11-17,CUST-00747,SMB,North America,Paid Search,Starter,140.23,74.7,0,0.0,Google Ads,3,22.6,
2024-11-18,CUST-00679,Mid-Market,North America,Paid Social,Enterprise,7491.69,81.8,3,0.0,LinkedIn Ads,57,22.0,41
2024-11-18,CUST-00680,Mid-Market,North America,Content,Growth,535.44,76.2,1,0.0,Webinar,44,8.3,66
2024-11-18,CUST-00681,SMB,Latin America,Referral,Growth,528.71,70.4,3,0.0,Customer Referral,6,8.3,25
2024-11-18,CUST-00690,Mid-Market,Europe,Organic Search,Business,2531.83,93.8,2,0.0,Blog,34,10.1,60
2024-11-18,CUST-00725,Enterprise,APAC,Partner,Business,3028.64,97.3,1,0.0,Solutions Partner,102,9.1,79
2024-11-18,CUST-00757,SMB,Latin America,Paid Social,Starter,117.38,46.7,5,0.0,Meta Ads,5,17.1,-25
2024-11-19,CUST-00727,Mid-Market,Europe,Organic Search,Growth,708.04,66.2,4,0.0,Website SEO,39,4.1,19
2024-11-19,CUST-00728,SMB,Europe,Content,Growth,577.64,67.1,2,0.0,Webinar,13,9.7,23
2024-11-19,CUST-00731,Mid-Market,North America,Paid Search,Growth,627.23,64.6,6,1.0,Retargeting,32,11.4,-26
2024-11-19,CUST-00742,Mid-Market,APAC,Partner,Business,3765.94,77.6,6,0.0,Solutions Partner,54,6.4,50
2024-11-20,CUST-00716,SMB,Latin America,Paid Social,Starter,119.85,49.3,2,0.0,Meta Ads,9,,2
2024-11-20,CUST-00730,Mid-Market,North America,Paid Search,Business,3412.09,65.0,9,1.0,Google Ads,25,14.9,-26
2024-11-20,CUST-00738,Mid-Market,North America,Referral,Enterprise,14003.73,84.3,2,0.0,Customer Referral,63,10.8,60
2024-11-20,CUST-00754,SMB,Europe,Referral,Starter,220.89,81.3,1,0.0,Founder Network,6,0.0,51
2024-11-21,CUST-00752,SMB,APAC,Organic Search,Business,1998.92,89.1,2,0.0,Blog,12,3.1,62
2024-11-22,CUST-00721,Enterprise,Europe,Referral,Enterprise,24162.75,99.0,3,0.0,Customer Referral,71,2.9,66
2024-11-22,CUST-00743,Mid-Market,Europe,Partner,Enterprise,21574.58,72.9,2,0.0,Solutions Partner,67,11.7,
2024-11-23,CUST-00688,SMB,North America,Organic Search,Growth,931.05,88.5,4,0.0,Website SEO,14,8.1,52
2024-11-23,CUST-00706,Mid-Market,Latin America,Paid Search,Growth,268.97,80.0,4,1.0,Google Ads,22,24.1,
2024-11-23,CUST-00733,Mid-Market,North America,Organic Search,Business,1851.45,77.9,4,0.0,Blog,30,6.2,30
2024-11-23,CUST-00753,SMB,North America,Organic Search,Starter,127.09,66.7,2,0.0,Website SEO,8,7.7,41
2024-11-24,CUST-00686,SMB,Latin America,Organic Search,Starter,102.51,58.6,2,0.0,Website SEO,13,9.4,19
2024-11-26,CUST-00701,Enterprise,North America,Partner,Enterprise,29144.09,79.4,1,0.0,Reseller,119,,68
2024-11-26,CUST-00711,Enterprise,Europe,Referral,Enterprise,24530.13,99.0,3,0.0,Customer Referral,99,10.2,65
2024-11-26,CUST-00740,Mid-Market,Europe,Organic Search,Growth,880.67,55.6,4,0.0,Marketplace,28,0.0,7
2024-11-26,CUST-00750,Mid-Market,Europe,Referral,Business,3696.61,90.3,4,1.0,Customer Referral,28,0.0,26
2024-11-27,CUST-00715,Mid-Market,APAC,Referral,Enterprise,13928.23,92.4,2,0.0,Customer Referral,56,5.6,79
2024-11-27,CUST-00748,SMB,APAC,Paid Search,Growth,550.00,43.2,5,1.0,Google Ads,3,12.6,-26
2024-11-28,CUST-00697,SMB,Europe,Organic Search,Starter,224.15,48.4,4,1.0,Website SEO,10,0.0,
2024-11-28,CUST-00702,Enterprise,APAC,Paid Search,Business,3388.19,77.4,0,0.0,Google Ads,76,9.9,36
2024-11-28,CUST-00713,SMB,Middle East & Africa,Content,Starter,139.71,83.0,1,0.0,Whitepaper,13,5.3,87
2024-11-28,CUST-00756,Enterprise,APAC,Partner,Enterprise,22221.31,81.9,1,0.0,Reseller,113,7.9,63
2024-11-29,CUST-00684,SMB,APAC,Paid Search,Starter,188.80,61.3,4,1.0,Google Ads,,6.6,5
2024-11-29,CUST-00704,SMB,APAC,Organic Search,Growth,517.45,65.6,0,0.0,Website SEO,12,0.0,51
2024-11-30,CUST-00703,SMB,Europe,Paid Search,Starter,123.91,66.0,2,0.0,Bing Ads,5,13.7,27
2024-12-01,CUST-00766,Mid-Market,North America,Partner,Enterprise,29523.16,81.7,1,0.0,Solutions Partner,85,9.7,54
2024-12-01,CUST-00802,SMB,North America,Referral,Starter,174.97,63.4,5,0.0,Customer Referral,13,0.3,9
2024-12-01,CUST-00832,SMB,Latin America,Referral,Growth,575.66,71.2,4,0.0,Customer Referral,11,8.6,36
2024-12-02,CUST-00787,SMB,Europe,Organic Search,Growth,736.97,56.8,4,0.0,Website SEO,16,7.3,5
2024-12-02,CUST-00795,Mid-Market,APAC,Organic Search,Business,2132.65,99.0,0,0.0,Website SEO,36,8.3,
2024-12-02,CUST-00800,SMB,APAC,Paid Social,Growth,488.97,58.0,3,0.0,LinkedIn Ads,9,25.7,
2024-12-02,CUST-00810,SMB,Latin America,Paid Search,Starter,64.55,55.0,6,0.0,Google Ads,4,14.4,-16
2024-12-02,CUST-00839,Mid-Market,APAC,Referral,Business,2826.16,71.6,,0.0,Founder Network,,0.0,55
2024-12-03,CUST-00796,Mid-Market,Middle East & Africa,Referral,Enterprise,14619.85,86.3,3,0.0,Customer Referral,84,9.4,74
2024-12-03,CUST-00807,Mid-Market,North America,Paid Search,Enterprise,12962.90,82.0,4,0.0,Google Ads,46,18.8,43
2024-12-03,CUST-00809,Mid-Market,North America,Partner,Enterprise,16221.94,93.7,1,0.0,Reseller,81,9.2,81
2024-12-03,CUST-00814,Enterprise,North America,Partner,Business,2386.84,97.2,3,0.0,Solutions Partner,122,2.1,71
2024-12-04,CUST-00764,SMB,North America,Organic Search,Growth,420.54,83.6,1,1.0,Website SEO,11,2.4,56
2024-12-04,CUST-00771,Mid-Market,North America,Organic Search,Growth,530.38,74.5,8,1.0,Website SEO,33,0.0,3
2024-12-04,CUST-00803,Mid-Market,Europe,Organic Search,Business,2494.53,92.0,3,0.0,Website SEO,51,5.3,58
2024-12-04,CUST-00817,Enterprise,North America,Referral,Enterprise,32634.94,97.7,1,0.0,Customer Referral,74,3.1,72
2024-12-04,CUST-00837,SMB,North America,Paid Search,Business,2225.36,76.4,0,0.0,Google Ads,12,17.5,49
2024-12-05,CUST-00761,SMB,APAC,Paid Search,Business,1044.84,61.7,2,0.0,Google Ads,11,18.2,16
2024-12-05,CUST-00773,Mid-Market,APAC,Organic Search,Business,2560.56,80.4,4,0.0,Website SEO,30,13.5,65
2024-12-05,CUST-00792,SMB,North America,Referral,Growth,768.31,77.7,0,0.0,Customer Referral,7,0.0,60
2024-12-05,CUST-00833,Mid-Market,North America,Referral,Business,2218.22,82.9,0,0.0,Customer Referral,32,0.0,
2024-12-06,CUST-00780,Enterprise,Europe,Referral,Business,1753.34,99.0,1,0.0,Customer Referral,85,4.0,89
2024-12-06,CUST-00816,SMB,North America,Paid Search,Starter,176.83,46.9,4,0.0,Bing Ads,10,15.3,
2024-12-06,CUST-00819,Mid-Market,Europe,Paid Search,Growth,908.48,58.4,4,0.0,Bing Ads,21,18.1,14
2024-12-07,CUST-00769,SMB,North America,Referral,Growth,923.43,84.1,2,0.0,Customer Referral,13,7.0,83
2024-12-07,CUST-00781,Mid-Market,Latin America,Referral,Growth,553.21,67.3,6,0.0,Customer Referral,40,0.0,45
2024-12-07,CUST-00798,SMB,North America,Organic Search,Growth,863.22,79.1,1,1.0,Website SEO,2,8.5,35
2024-12-08,CUST-00801,Enterprise,Europe,Organic Search,Business,1656.86,86.8,4,1.0,Website SEO,,3.5,19
2024-12-08,CUST-00820,Mid-Market,APAC,Organic Search,Growth,517.29,68.4,3,0.0,Website SEO,30,,35
2024-12-09,CUST-00777,SMB,Europe,Organic Search,Starter,106.04,76.2,1,0.0,Website SEO,,0.5,55
2024-12-09,CUST-00797,Enterprise,Europe,Organic Search,Enterprise,32987.60,80.4,4,0.0,Website SEO,92,3.9,60
2024-12-09,CUST-00818,Mid-Market,North America,Paid Social,Business,2558.48,66.4,3,0.0,Meta Ads,35,24.0,22
2024-12-09,CUST-00840,SMB,North America,Organic Search,Starter,193.10,,3,0.0,Website SEO,14,,13
2024-12-10,CUST-00842,SMB,Middle East & Africa,Referral,Starter,117.58,65.1,2,0.0,Customer Referral,15,0.0,48
2024-12-11,CUST-00767,SMB,Europe,Referral,Growth,889.55,83.8,3,0.0,Customer Referral,16,6.7,43
2024-12-11,CUST-00783,Mid-Market,APAC,Organic Search,Business,3249.76,,0,0.0,Website SEO,36,0.0,57
2024-12-12,CUST-00790,Enterprise,APAC,Content,Enterprise,15979.32,81.3,3,0.0,Whitepaper,68,4.7,64
2024-12-12,CUST-00825,Mid-Market,Europe,Paid Search,Business,3071.40,71.0,0,0.0,,38,10.0,54
2024-12-13,CUST-00762,SMB,North America,Paid Search,Business,2671.97,62.2,3,0.0,Google Ads,13,13.2,40
2024-12-13,CUST-00805,Enterprise,North America,Referral,Business,1828.43,81.5,2,0.0,Customer Referral,75,0.0,65
2024-12-14,CUST-00774,Mid-Market,APAC,Partner,Growth,878.38,,0,0.0,Reseller,43,3.9,30
2024-12-14,CUST-00822,SMB,APAC,Organic Search,Growth,633.21,80.2,2,0.0,Website SEO,8,0.0,74
2024-12-14,CUST-00823,SMB,North America,Content,Growth,789.44,88.8,1,0.0,Webinar,12,2.0,
2024-12-14,CUST-00827,Mid-Market,Latin America,Partner,Business,2167.57,69.7,0,0.0,Solutions Partner,48,8.1,62
2024-12-14,CUST-00841,Mid-Market,Latin America,Referral,Growth,455.36,67.9,5,1.0,Founder Network,49,6.3,14
2024-12-15,CUST-00765,SMB,APAC,Paid Search,Starter,96.65,56.4,4,0.0,Google Ads,11,17.2,21
2024-12-15,CUST-00776,SMB,Europe,Paid Search,Growth,472.51,32.5,8,1.0,Google Ads,12,18.3,-43
2024-12-15,CUST-00782,SMB,North America,Partner,Business,2363.43,72.1,0,0.0,Solutions Partner,,5.0,53
2024-12-17,CUST-00804,SMB,North America,Paid Social,Growth,705.04,47.5,5,0.0,LinkedIn Ads,1,17.3,-16
2024-12-17,CUST-00813,Mid-Market,Europe,Referral,Growth,884.88,92.5,3,0.0,Customer Referral,23,4.8,
2024-12-17,CUST-00826,SMB,North America,Paid Social,Starter,152.49,22.9,7,1.0,Meta Ads,3,13.5,-84
2024-12-18,CUST-00815,SMB,Europe,Partner,Growth,914.64,97.0,0,0.0,Reseller,35,3.6,83
2024-12-19,CUST-00811,Mid-Market,North America,Organic Search,Business,2097.83,77.9,3,0.0,Website SEO,22,7.0,39
2024-12-19,CUST-00824,Mid-Market,Latin America,Organic Search,Business,1524.36,90.7,2,0.0,Blog,17,10.5,61
2024-12-19,CUST-00829,Mid-Market,Europe,Paid Search,Growth,711.54,63.7,0,0.0,Google Ads,,22.0,45
2024-12-20,CUST-00763,Enterprise,APAC,Partner,Enterprise,28758.03,82.2,2,0.0,Solutions Partner,116,3.0,
2024-12-20,CUST-00778,SMB,North America,Referral,Growth,689.23,61.0,5,0.0,Customer Referral,12,3.9,3
2024-12-20,CUST-00789,Mid-Market,Europe,Referral,Business,3283.65,86.8,0,0.0,Customer Referral,16,7.1,75
2024-12-21,CUST-00772,Mid-Market,Europe,Organic Search,Growth,518.83,56.9,3,0.0,Blog,47,5.4,4
2024-12-21,CUST-00786,Mid-Market,Latin America,Paid Social,Business,2199.85,57.8,6,0.0,LinkedIn Ads,39,23.6,-1
2024-12-21,CUST-00791,Mid-Market,Europe,Referral,Growth,498.74,68.6,2,0.0,Customer Referral,24,0.0,41
2024-12-22,CUST-00759,Enterprise,North America,Content,Enterprise,23292.83,84.5,6,0.0,Whitepaper,126,4.8,52
2024-12-22,CUST-00760,Enterprise,North America,Content,Enterprise,29842.83,82.8,3,0.0,Webinar,73,12.6,58
2024-12-22,CUST-00793,SMB,North America,Paid Search,Growth,511.95,68.3,0,0.0,Retargeting,8,57.7,32
2024-12-23,CUST-00812,Mid-Market,North America,Referral,Enterprise,27387.37,87.3,0,0.0,Customer Referral,66,4.0,93
2024-12-24,CUST-00828,Mid-Market,Latin America,Referral,Growth,628.52,59.5,0,0.0,Customer Referral,34,0.0,44
2024-12-24,CUST-00834,Mid-Market,North America,Referral,Growth,522.52,72.4,6,1.0,Founder Network,34,3.9,9
2024-12-25,CUST-00784,Mid-Market,North America,Referral,Growth,574.79,79.0,3,0.0,Customer Referral,,1.0,26
2024-12-25,CUST-00794,Mid-Market,North America,Paid Social,Business,2609.93,74.5,0,0.0,LinkedIn Ads,27,16.9,43
2024-12-25,CUST-00799,Mid-Market,APAC,Paid Search,Business,1443.36,77.1,4,0.0,Google Ads,39,9.2,40
2024-12-26,CUST-00775,SMB,Latin America,Paid Search,Starter,97.06,60.2,4,0.0,Google Ads,4,14.0,18
2024-12-26,CUST-00779,Mid-Market,North America,Paid Social,Business,3138.89,65.6,6,0.0,LinkedIn Ads,,20.9,18
2024-12-26,CUST-00831,Mid-Market,Europe,Paid Search,Business,1859.23,57.3,3,0.0,Google Ads,40,15.5,40
2024-12-27,CUST-00768,Mid-Market,Europe,Partner,Business,2851.89,78.0,1,0.0,Solutions Partner,47,0.0,70
2024-12-27,CUST-00770,SMB,North America,Organic Search,Growth,868.88,79.9,0,0.0,Website SEO,12,4.8,65
2024-12-27,CUST-00836,Enterprise,Latin America,Referral,Business,2548.65,89.6,1,0.0,Founder Network,63,3.5,
2024-12-28,CUST-00785,Mid-Market,APAC,Organic Search,Enterprise,22579.91,99.0,0,0.0,Website SEO,63,1.8,81
2024-12-28,CUST-00835,Mid-Market,Europe,Referral,Growth,877.31,67.9,2,0.0,Customer Referral,34,0.0,51
2024-12-29,CUST-00788,SMB,North America,Referral,Starter,143.12,61.9,1,0.0,Customer Referral,10,,27
2024-12-29,CUST-00821,Mid-Market,North America,Referral,Business,3839.20,77.9,3,0.0,Founder Network,49,2.3,49
2024-12-30,CUST-00808,SMB,North America,Paid Search,Growth,806.57,43.0,6,1.0,Google Ads,1,16.9,-47
2024-12-30,CUST-00830,Mid-Market,North America,Referral,Growth,1113.35,98.5,0,0.0,Customer Referral,48,0.0,94
2024-12-31,CUST-00806,Mid-Market,Europe,Organic Search,Growth,594.49,83.2,0,0.0,Website SEO,28,0.0,54
2024-12-31,CUST-00838,Mid-Market,Middle East & Africa,Referral,Business,1271.73,97.2,0,0.0,Customer Referral,,2.6,76
2024-12-31,CUST-00838,Mid-Market,Middle East & Africa,Referral,Business,1271.73,97.2,0,0.0,Customer Referral,,2.6,76
2025-01-01,CUST-00875,SMB,Europe,Referral,Growth,693.89,59.5,4,0.0,Customer Referral,14,0.0,18
2025-01-01,CUST-00896,Enterprise,Europe,Organic Search,Enterprise,15968.24,87.1,3,0.0,Website SEO,74,,
2025-01-01,CUST-00908,SMB,Europe,Paid Social,Growth,441.97,38.0,5,1.0,LinkedIn Ads,7,16.0,-43
2025-01-01,CUST-00930,Enterprise,APAC,Paid Search,Enterprise,15691.54,83.1,4,0.0,Google Ads,105,12.9,51
2025-01-02,CUST-00872,SMB,Europe,Referral,Starter,186.46,75.4,1,0.0,Customer Referral,15,2.1,41
2025-01-02,CUST-00932,Mid-Market,APAC,Organic Search,Business,2988.85,92.2,5,0.0,Blog,30,4.2,69
2025-01-03,CUST-00861,SMB,Latin America,Paid Search,Starter,139.69,19.9,6,0.0,Google Ads,1,13.8,-57
2025-01-04,CUST-00874,SMB,North America,Paid Social,Starter,94.36,65.5,0,0.0,,1,15.7,29
2025-01-04,CUST-00902,Enterprise,North America,Partner,Enterprise,30025.98,99.0,2,0.0,Solutions Partner,153,8.7,68
2025-01-04,CUST-00907,SMB,Europe,Paid Search,Starter,173.36,66.0,3,1.0,Google Ads,3,11.0,3
2025-01-04,CUST-00924,Enterprise,Europe,Organic Search,Enterprise,32390.87,96.4,1,0.0,Marketplace,121,7.4,80
2025-01-05,CUST-00847,Mid-Market,North America,Organic Search,Enterprise,27398.71,72.6,5,0.0,Website SEO,55,8.2,47
2025-01-05,CUST-00860,Mid-Market,APAC,Content,Business,2222.19,89.0,1,0.0,Webinar,45,16.0,64
2025-01-05,CUST-00883,Enterprise,North America,Partner,Business,5145.40,87.8,3,0.0,Solutions Partner,126,8.2,86
2025-01-05,CUST-00937,Enterprise,Europe,Partner,Enterprise,11280.78,81.4,2,0.0,Solutions Partner,,10.5,54
2025-01-05,CUST-00941,SMB,APAC,Paid Search,Growth,425.46,73.1,3,0.0,Google Ads,6,11.4,0
2025-01-05,CUST-00942,SMB,North America,Paid Search,Growth,526.59,41.5,6,0.0,,3,9.8,-32
2025-01-06,CUST-00858,SMB,North America,Paid Search,Business,3296.95,26.1,31,1.0,Retargeting,18,12.7,-71
2025-01-07,CUST-00855,SMB,Europe,Paid Social,Starter,116.04,51.8,3,1.0,LinkedIn Ads,7,3.1,-14
2025-01-07,CUST-00867,Enterprise,Europe,Paid Search,Enterprise,8412.23,82.4,2,0.0,Google Ads,75,20.4,40
2025-01-07,CUST-00878,Mid-Market,APAC,Organic Search,Growth,476.84,60.9,1,0.0,Website SEO,37,5.4,18
2025-01-07,CUST-00898,SMB,North America,Paid Search,Growth,781.84,,,0.0,Google Ads,1,9.1,-21
2025-01-07,CUST-00898,SMB,North America,Paid Search,Growth,781.84,,,0.0,Google Ads,1,9.1,-21
2025-01-07,CUST-00917,Enterprise,Europe,Referral,Enterprise,15415.09,73.2,5,0.0,Customer Referral,148,9.7,45
2025-01-07,CUST-00919,Enterprise,North America,Content,Enterprise,34102.44,78.2,3,0.0,Webinar,134,3.3,36
2025-01-08,CUST-00949,SMB,APAC,Paid Search,Starter,140.24,47.7,3,1.0,Google Ads,,4.7,-17
2025-01-09,CUST-00844,SMB,North America,Partner,Starter,136.12,78.2,2,0.0,Solutions Partner,29,7.4,47
2025-01-09,CUST-00854,SMB,Europe,Paid Search,Growth,374.51,45.4,0,0.0,Google Ads,3,13.4,10
2025-01-09,CUST-00927,SMB,North America,Content,Growth,707.55,52.4,3,0.0,Webinar,9,11.6,6
2025-01-10,CUST-00862,SMB,North America,Content,Growth,486.69,55.9,4,0.0,Webinar,17,4.6,41
2025-01-10,CUST-00866,SMB,North America,Organic Search,Starter,172.47,69.3,6,1.0,Blog,11,0.0,5
2025-01-10,CUST-00873,Enterprise,APAC,Partner,Enterprise,25200.86,91.3,1,0.0,Solutions Partner,107,6.7,68
2025-01-10,CUST-00901,Mid-Market,North America,Referral,Business,2464.41,82.5,4,0.0,Customer Referral,30,,80
2025-01-11,CUST-00863,Enterprise,Europe,Organic Search,Business,4176.29,99.0,2,0.0,Website SEO,54,3.7,74
2025-01-11,CUST-00877,Mid-Market,APAC,Referral,Business,1511.05,85.7,4,0.0,Customer Referral,35,2.9,34
2025-01-11,CUST-00880,Enterprise,North America,Partner,Business,4632.65,75.6,3,1.0,Solutions Partner,113,,14
2025-01-11,CUST-00926,SMB,Europe,Content,Growth,857.06,63.7,4,1.0,Webinar,18,0.0,21
2025-01-11,CUST-00946,Mid-Market,Europe,Partner,Growth,824.66,47.5,1,0.0,Reseller,46,11.3,
2025-01-12,CUST-00856,SMB,APAC,Paid Social,Starter,74.25,29.5,11,1.0,LinkedIn Ads,8,12.8,-89
2025-01-12,CUST-00911,SMB,Europe,Paid Search,Starter,230.82,59.4,6,1.0,Google Ads,7,8.4,-20
2025-01-12,CUST-00920,SMB,Middle East & Africa,Organic Search,Starter,134.29,66.1,1,0.0,Website SEO,17,0.0,55
2025-01-12,CUST-00940,Enterprise,APAC,Paid Search,Enterprise,23037.80,84.4,3,0.0,,103,22.9,46
2025-01-13,CUST-00859,SMB,APAC,Referral,Growth,475.82,85.7,2,0.0,Customer Referral,13,0.0,54
2025-01-13,CUST-00887,Mid-Market,Europe,Referral,Enterprise,19604.12,65.3,1,0.0,Customer Referral,53,4.8,36
2025-01-13,CUST-00925,Mid-Market,Europe,Referral,Growth,484.82,90.6,2,0.0,Customer Referral,37,0.0,83
2025-01-13,CUST-00939,Mid-Market,Middle East & Africa,Partner,Growth,644.57,57.6,3,0.0,Reseller,65,9.6,9
2025-01-14,CUST-00843,SMB,North America,Partner,Starter,252.86,66.6,5,1.0,Solutions Partner,32,9.2,13
2025-01-14,CUST-00915,SMB,Europe,Partner,Starter,132.38,93.7,1,0.0,Solutions Partner,37,0.1,70
2025-01-15,CUST-00864,Mid-Market,North America,Paid Social,Growth,795.58,77.3,2,0.0,LinkedIn Ads,34,15.3,45
2025-01-15,CUST-00884,Enterprise,North America,Partner,Business,4979.31,86.5,3,0.0,Solutions Partner,71,10.4,70
2025-01-15,CUST-00892,Mid-Market,Europe,Partner,Enterprise,20851.57,81.3,1,0.0,Solutions Partner,83,16.9,64
2025-01-16,CUST-00857,Mid-Market,APAC,Referral,Growth,300.91,81.0,3,0.0,Customer Referral,52,12.9,51
2025-01-16,CUST-00876,Enterprise,North America,Partner,Enterprise,32004.57,92.8,2,0.0,Reseller,122,11.1,77
2025-01-16,CUST-00879,SMB,APAC,Paid Search,Starter,83.82,55.3,2,0.0,Google Ads,14,12.6,9
2025-01-16,CUST-00882,SMB,APAC,Paid Search,Growth,557.41,48.6,1,0.0,Google Ads,7,10.5,-5
2025-01-16,CUST-00888,Mid-Market,North America,Paid Social,Business,1732.72,49.0,8,1.0,LinkedIn Ads,,19.1,-50
2025-01-16,CUST-00906,Mid-Market,North America,Partner,Growth,948.63,72.3,2,0.0,Solutions Partner,39,4.6,66
2025-01-17,CUST-00886,SMB,North America,Organic Search,Starter,145.79,66.1,2,0.0,Website SEO,14,1.7,57
2025-01-17,CUST-00895,Mid-Market,North America,Organic Search,Growth,550.72,73.8,2,0.0,Website SEO,30,1.9,48
2025-01-17,CUST-00905,Mid-Market,North America,Paid Search,Growth,631.08,76.5,4,0.0,Google Ads,,9.2,24
2025-01-18,CUST-00909,SMB,North America,Partner,Business,3935.58,99.0,2,0.0,Reseller,23,10.8,92
2025-01-18,CUST-00934,Enterprise,North America,Organic Search,Business,1791.30,78.6,4,0.0,Website SEO,66,,45
2025-01-19,CUST-00890,SMB,APAC,Paid Search,Starter,186.52,33.9,8,1.0,Bing Ads,11,11.2,-67
2025-01-20,CUST-00881,SMB,Europe,Paid Search,Starter,146.65,39.4,8,1.0,Retargeting,11,15.1,-55
2025-01-20,CUST-00885,Mid-Market,Europe,Referral,Business,3769.58,81.8,0,0.0,Customer Referral,31,10.6,72
2025-01-20,CUST-00928,Mid-Market,Europe,Paid Search,Business,2423.26,78.4,0,0.0,Google Ads,35,13.2,
2025-01-21,CUST-00893,SMB,North America,Referral,Growth,393.81,79.8,3,0.0,Customer Referral,16,10.6,58
2025-01-21,CUST-00913,SMB,North America,Content,Growth,635.66,81.1,1,0.0,Webinar,,13.7,
2025-01-21,CUST-00933,SMB,North America,Paid Social,Starter,144.50,54.6,5,0.0,LinkedIn Ads,7,23.3,24
2025-01-21,CUST-00944,SMB,North America,Paid Social,Growth,838.96,70.1,2,0.0,Meta Ads,2,12.7,35
2025-01-22,CUST-00846,SMB,Europe,Organic Search,Business,2934.83,65.3,1,0.0,Website SEO,,5.7,33
2025-01-22,CUST-00900,Enterprise,North America,Paid Search,Business,3568.99,75.0,3,0.0,Google Ads,51,,36
2025-01-22,CUST-00938,SMB,Europe,Paid Search,Growth,380.72,57.2,2,0.0,Google Ads,3,9.3,8
2025-01-22,CUST-00950,SMB,Europe,Organic Search,Growth,532.78,78.5,1,0.0,Website SEO,3,9.7,66
2025-01-23,CUST-00870,Mid-Market,North America,Referral,Growth,841.96,67.1,1,0.0,Founder Network,22,2.5,27
2025-01-23,CUST-00899,Enterprise,North America,Content,Business,1776.77,89.5,2,0.0,Webinar,68,11.2,70
2025-01-23,CUST-00918,Mid-Market,North America,Referral,Growth,579.92,94.6,1,0.0,Customer Referral,42,0.0,77
2025-01-24,CUST-00845,SMB,Europe,Paid Social,Starter,115.97,59.0,8,1.0,LinkedIn Ads,1,18.3,-5
2025-01-24,CUST-00929,SMB,Latin America,Paid Social,Starter,88.06,53.8,3,0.0,LinkedIn Ads,3,15.9,7
2025-01-25,CUST-00850,SMB,North America,Organic Search,Business,3695.57,68.3,1,0.0,Website SEO,15,4.0,53
2025-01-25,CUST-00871,SMB,North America,Referral,Starter,250.16,96.8,1,0.0,Customer Referral,16,3.2,83
2025-01-25,CUST-00897,Mid-Market,APAC,Partner,Business,3759.75,79.8,2,0.0,Reseller,,4.5,71
2025-01-25,CUST-00914,SMB,Europe,Paid Social,Starter,178.58,58.9,6,1.0,Meta Ads,9,21.5,-32
2025-01-25,CUST-00916,SMB,North America,Organic Search,Business,3332.55,92.0,2,0.0,Website SEO,,7.7,64
2025-01-25,CUST-00931,SMB,Latin America,Paid Search,Growth,346.25,56.7,1,0.0,Google Ads,6,12.4,0
2025-01-25,CUST-00943,Mid-Market,Europe,Organic Search,Business,3515.84,69.9,5,1.0,Website SEO,33,6.8,27
2025-01-26,CUST-00848,SMB,North America,Referral,Starter,166.94,74.8,2,0.0,Customer Referral,7,3.0,45
2025-01-26,CUST-00849,SMB,APAC,Partner,Growth,307.80,72.1,0,0.0,Reseller,33,0.0,77
2025-01-26,CUST-00910,SMB,North America,Paid Search,Starter,226.03,64.8,0,0.0,Google Ads,6,,35
2025-01-26,CUST-00945,Enterprise,North America,Referral,Business,2376.67,85.3,2,0.0,Customer Referral,86,4.4,72
2025-01-27,CUST-00853,Enterprise,North America,Organic Search,Enterprise,17994.08,96.8,2,1.0,Blog,139,10.6,56
2025-01-27,CUST-00869,Mid-Market,Latin America,Organic Search,Business,1461.40,78.0,2,0.0,Website SEO,28,14.7,48
2025-01-27,CUST-00904,SMB,APAC,Organic Search,Starter,160.96,62.4,0,0.0,Website SEO,15,7.2,48
2025-01-28,CUST-00868,Mid-Market,North America,Paid Search,Business,2714.27,91.0,3,0.0,Google Ads,,6.2,69
2025-01-28,CUST-00891,SMB,Europe,Content,Starter,211.96,69.2,3,0.0,Whitepaper,,1.5,34
2025-01-28,CUST-00894,Enterprise,Europe,Content,Business,3432.57,83.1,2,0.0,Webinar,78,11.1,63
2025-01-28,CUST-00903,Mid-Market,North America,Partner,Business,4956.69,96.1,2,0.0,Reseller,59,0.0,71
2025-01-28,CUST-00921,Enterprise,North America,Referral,Enterprise,24933.02,75.7,1,0.0,Customer Referral,137,1.2,64
2025-01-28,CUST-00935,SMB,Middle East & Africa,Paid Search,Growth,372.76,40.1,4,0.0,Google Ads,1,13.2,-13
2025-01-29,CUST-00889,Mid-Market,North America,Referral,Business,2729.43,68.9,4,0.0,Customer Referral,33,0.0,33
2025-01-29,CUST-00912,SMB,APAC,Referral,Business,2027.15,73.5,4,0.0,Customer Referral,16,7.0,48
2025-01-29,CUST-00936,Enterprise,North America,Organic Search,Enterprise,20953.45,83.5,1,0.0,Website SEO,146,13.0,54
2025-01-30,CUST-00865,Mid-Market,Europe,Paid Search,Enterprise,22459.76,81.1,1,0.0,Bing Ads,67,10.6,52
2025-01-30,CUST-00947,SMB,North America,Paid Social,Growth,396.80,71.2,4,1.0,LinkedIn Ads,1,17.8,20
2025-01-31,CUST-00851,Mid-Market,Europe,Organic Search,Enterprise,11093.58,62.5,3,0.0,Website SEO,70,5.4,29
2025-01-31,CUST-00852,Enterprise,Europe,Organic Search,Enterprise,15873.36,89.5,2,0.0,Website SEO,82,7.1,66
2025-01-31,CUST-00922,SMB,North America,Paid Search,Growth,407.47,47.5,5,0.0,Bing Ads,,57.7,-33
2025-01-31,CUST-00923,Mid-Market,APAC,Partner,Business,3393.70,99.0,1,0.0,Solutions Partner,,10.8,96
2025-01-31,CUST-00948,Mid-Market,North America,Referral,Business,3193.70,92.6,2,0.0,Customer Referral,,7.9,71
2025-02-01,CUST-00959,Enterprise,North America,Referral,Enterprise,21030.39,92.5,3,0.0,Customer Referral,145,5.9,78
2025-02-01,CUST-00975,Mid-Market,Europe,Referral,Growth,894.26,92.6,4,0.0,Customer Referral,36,5.4,
2025-02-01,CUST-00984,Enterprise,APAC,Partner,Enterprise,12844.50,80.4,1,0.0,Reseller,115,3.1,37
2025-02-01,CUST-01023,SMB,Europe,Referral,Starter,114.71,73.1,2,0.0,Customer Referral,11,3.3,50
2025-02-01,CUST-01045,SMB,Europe,Paid Search,Starter,115.06,50.2,5,1.0,Google Ads,8,14.7,-33
2025-02-02,CUST-00978,Mid-Market,APAC,Referral,Growth,411.49,78.4,4,0.0,Customer Referral,23,8.7,57
2025-02-02,CUST-00991,Mid-Market,North America,Referral,Business,3519.86,95.9,1,0.0,Customer Referral,27,0.6,71
2025-02-02,CUST-01007,Mid-Market,North America,Partner,Enterprise,24873.60,69.1,2,0.0,Solutions Partner,66,11.9,
2025-02-02,CUST-01030,SMB,North America,Paid Search,Starter,89.94,74.5,7,1.0,Google Ads,1,3.5,-1
2025-02-03,CUST-00952,Mid-Market,North America,Paid Search,Growth,551.23,49.8,5,0.0,Google Ads,36,11.0,1
2025-02-03,CUST-00964,SMB,North America,Organic Search,Growth,535.73,68.6,3,1.0,Website SEO,18,2.0,24
2025-02-03,CUST-01017,SMB,Europe,Organic Search,Growth,449.82,56.3,2,0.0,Website SEO,15,3.9,14
2025-02-04,CUST-00968,SMB,North America,Organic Search,Starter,200.42,67.8,0,0.0,Website SEO,16,5.3,37
2025-02-04,CUST-00995,Mid-Market,APAC,Organic Search,Growth,498.49,71.2,3,0.0,Website SEO,33,12.2,38
2025-02-04,CUST-00996,Enterprise,Europe,Paid Social,Enterprise,20478.73,76.9,1,0.0,LinkedIn Ads,68,26.6,44
2025-02-04,CUST-00998,SMB,North America,Organic Search,Growth,999.94,93.8,1,0.0,Website SEO,6,2.5,89
2025-02-04,CUST-01001,Mid-Market,APAC,Paid Search,Business,2615.59,54.3,3,0.0,Retargeting,35,12.2,8
2025-02-04,CUST-01013,Enterprise,North America,Referral,Enterprise,24994.32,81.2,2,0.0,Founder Network,69,0.5,54
2025-02-04,CUST-01029,SMB,APAC,Referral,Starter,188.34,29.8,7,1.0,Customer Referral,,0.0,
2025-02-05,CUST-01006,Enterprise,North America,Referral,Enterprise,110386.39,91.7,0,0.0,Founder Network,107,25.4,87
2025-02-05,CUST-01010,Mid-Market,North America,Paid Search,Business,3235.95,50.5,7,1.0,Google Ads,34,15.6,-33
2025-02-05,CUST-01047,Mid-Market,Europe,Organic Search,Business,4472.19,82.7,2,0.0,Marketplace,34,0.4,62
2025-02-06,CUST-00977,Mid-Market,APAC,Paid Search,Enterprise,11709.28,61.6,5,0.0,Google Ads,45,18.8,0
2025-02-06,CUST-01016,Mid-Market,Latin America,Paid Social,Growth,452.78,75.9,0,0.0,LinkedIn Ads,21,29.0,44
2025-02-06,CUST-01021,Mid-Market,Europe,Organic Search,Business,2036.66,88.3,2,0.0,Website SEO,28,6.3,54
2025-02-06,CUST-01036,Mid-Market,Latin America,Content,Business,1351.03,66.6,0,0.0,Newsletter,17,4.2,45
2025-02-06,CUST-01041,SMB,APAC,Organic Search,Growth,602.38,86.4,2,0.0,Website SEO,,3.1,76
2025-02-06,CUST-01044,Enterprise,Latin America,Organic Search,Enterprise,20075.74,91.7,3,0.0,Website SEO,65,6.5,77
2025-02-07,CUST-00956,Enterprise,North America,Paid Social,Enterprise,27185.67,77.6,5,1.0,LinkedIn Ads,79,26.7,0
2025-02-07,CUST-00976,Mid-Market,Europe,Paid Social,Business,1383.43,64.2,,0.0,LinkedIn Ads,25,10.5,40
2025-02-07,CUST-01028,Enterprise,Latin America,Organic Search,Enterprise,11215.13,81.2,2,0.0,Blog,86,0.5,41
2025-02-07,CUST-01032,Mid-Market,Europe,Referral,Growth,945.34,87.7,1,0.0,Customer Referral,15,3.9,47
2025-02-07,CUST-01042,Enterprise,North America,Referral,Enterprise,19793.61,82.1,2,0.0,Customer Referral,118,20.9,54
2025-02-08,CUST-00987,Enterprise,Europe,Partner,Business,5391.21,75.7,4,0.0,Solutions Partner,93,4.2,37
2025-02-08,CUST-01009,Enterprise,Europe,Organic Search,Enterprise,16756.28,99.0,,0.0,Blog,79,8.5,77
2025-02-10,CUST-01049,SMB,North America,Referral,Starter,147.29,71.3,2,0.0,Customer Referral,9,4.3,29
2025-02-11,CUST-00969,Enterprise,North America,Partner,Enterprise,19032.20,99.0,,0.0,Solutions Partner,88,11.6,65
2025-02-11,CUST-00982,SMB,APAC,Organic Search,Growth,406.33,74.3,0,0.0,Website SEO,12,1.6,43
2025-02-11,CUST-01005,Enterprise,Latin America,Partner,Enterprise,7441.18,96.5,0,0.0,Solutions Partner,149,11.4,77
2025-02-11,CUST-01008,Mid-Market,North America,Partner,Growth,1180.17,64.8,2,0.0,Reseller,,10.1,25
2025-02-11,CUST-01031,Mid-Market,North America,Organic Search,Business,1907.36,82.1,1,0.0,Website SEO,26,0.0,66
2025-02-12,CUST-00953,SMB,Europe,Paid Search,Growth,348.41,51.9,4,0.0,Bing Ads,8,14.4,
2025-02-12,CUST-00966,Enterprise,North America,Partner,Business,5196.04,91.5,3,0.0,Solutions Partner,,5.5,62
2025-02-12,CUST-01000,Mid-Market,North America,Organic Search,Enterprise,11785.88,89.3,1,0.0,Marketplace,47,3.7,81
2025-02-12,CUST-01020,SMB,North America,Organic Search,Starter,252.08,87.4,0,0.0,Website SEO,,2.6,58
2025-02-12,CUST-01038,Enterprise,APAC,Paid Search,Enterprise,24035.42,77.8,3,0.0,Google Ads,121,17.3,47
2025-02-12,CUST-01055,SMB,APAC,Paid Search,Starter,83.39,53.6,4,0.0,Google Ads,4,14.4,-11
2025-02-12,CUST-01058,Mid-Market,North America,Partner,Business,4811.03,82.3,,0.0,Solutions Partner,,8.0,28
2025-02-13,CUST-01048,Enterprise,North America,Referral,Enterprise,22985.80,99.0,1,0.0,Customer Referral,96,8.7,69
2025-02-13,CUST-01050,Mid-Market,Europe,Paid Search,Business,2578.48,82.3,5,1.0,Google Ads,,19.8,32
2025-02-14,CUST-00961,SMB,North America,Paid Search,Starter,95.15,51.2,5,0.0,Google Ads,13,16.2,
2025-02-14,CUST-00972,Mid-Market,APAC,Referral,Business,3211.40,84.8,3,0.0,Customer Referral,,6.6,55
2025-02-14,CUST-00973,Mid-Market,APAC,Organic Search,Growth,497.44,,3,0.0,Website SEO,27,0.0,57
2025-02-14,CUST-00974,Mid-Market,APAC,Paid Search,Growth,643.62,77.5,6,1.0,Retargeting,36,15.7,-8
2025-02-14,CUST-01027,Enterprise,North America,Paid Search,Business,2479.09,57.9,5,0.0,Google Ads,88,0.8,21
2025-02-15,CUST-00967,SMB,North America,Organic Search,Growth,836.17,44.3,9,1.0,Website SEO,18,8.0,-19
2025-02-15,CUST-00993,Mid-Market,Latin America,Organic Search,Enterprise,13321.48,82.5,1,0.0,Website SEO,39,11.0,
2025-02-15,CUST-00997,Mid-Market,APAC,Organic Search,Business,2092.36,95.7,0,0.0,Website SEO,41,0.0,
2025-02-15,CUST-00999,SMB,North America,Paid Social,Growth,498.11,34.8,5,0.0,LinkedIn Ads,12,20.5,-11
2025-02-15,CUST-01024,Mid-Market,Europe,Partner,Enterprise,14826.43,82.0,1,0.0,Solutions Partner,66,9.4,77
2025-02-16,CUST-00979,Mid-Market,North America,Organic Search,Business,4060.10,79.8,3,0.0,Website SEO,38,6.6,54
2025-02-16,CUST-00986,SMB,Europe,Paid Search,Starter,80.54,47.5,4,0.0,Bing Ads,6,10.6,-9
2025-02-16,CUST-00988,SMB,North America,Organic Search,Growth,384.85,81.1,0,0.0,Website SEO,,12.3,81
2025-02-16,CUST-01022,Enterprise,APAC,Referral,Business,2600.89,99.0,3,0.0,Customer Referral,62,1.2,65
2025-02-16,CUST-01039,Enterprise,North America,Referral,Enterprise,11743.24,91.8,3,0.0,Founder Network,106,13.6,62
2025-02-16,CUST-01046,Mid-Market,Latin America,Content,Growth,486.33,88.0,0,0.0,Whitepaper,33,8.2,95
2025-02-16,CUST-01057,Mid-Market,North America,Organic Search,Enterprise,16370.86,88.0,3,0.0,Blog,35,10.0,63
2025-02-17,CUST-00992,SMB,Middle East & Africa,Organic Search,Growth,346.43,66.9,3,1.0,Website SEO,,2.0,20
2025-02-17,CUST-01012,SMB,Europe,Partner,Starter,146.02,66.9,0,0.0,Solutions Partner,24,,74
2025-02-18,CUST-00962,SMB,Europe,Paid Social,Growth,767.37,28.6,4,0.0,Retargeting,4,17.2,-31
2025-02-18,CUST-01040,Mid-Market,North America,Organic Search,Business,2292.43,84.0,3,0.0,Website SEO,29,1.7,55
2025-02-18,CUST-01059,Mid-Market,Europe,Partner,Business,3168.06,59.3,5,0.0,Solutions Partner,47,11.5,-7
2025-02-19,CUST-00957,Mid-Market,Europe,Referral,Enterprise,13386.95,99.0,2,1.0,Customer Referral,53,18.2,63
2025-02-19,CUST-00960,Enterprise,North America,Paid Search,Enterprise,18703.24,81.5,8,1.0,Google Ads,120,13.9,-3
2025-02-19,CUST-00960,Enterprise,North America,Paid Search,Enterprise,18703.24,81.5,8,1.0,Google Ads,120,13.9,-3
2025-02-19,CUST-00985,SMB,Europe,Paid Search,Growth,744.37,63.9,5,0.0,Google Ads,3,19.1,8
2025-02-19,CUST-00989,Enterprise,APAC,Partner,Business,1915.18,78.6,0,0.0,Solutions Partner,,2.9,68
2025-02-19,CUST-01019,SMB,North America,Organic Search,Starter,127.52,63.4,3,0.0,Website SEO,5,4.7,36
2025-02-20,CUST-00954,Mid-Market,North America,Referral,Growth,973.10,83.7,3,0.0,Customer Referral,34,4.7,58
2025-02-20,CUST-00970,SMB,Europe,Content,Growth,364.11,76.7,1,0.0,Whitepaper,13,3.9,68
2025-02-20,CUST-00971,Mid-Market,North America,Paid Search,Business,2102.11,50.9,3,0.0,Google Ads,25,12.7,28
2025-02-20,CUST-01033,Mid-Market,Europe,Paid Search,Business,2647.00,76.4,8,1.0,Google Ads,43,2.5,-5
2025-02-20,CUST-01053,SMB,Europe,Partner,Growth,714.21,80.4,0,0.0,Solutions Partner,41,17.0,
2025-02-20,CUST-01056,SMB,North America,Partner,Business,3793.63,76.4,0,0.0,Solutions Partner,30,11.7,72
2025-02-21,CUST-00951,SMB,APAC,Paid Search,Starter,58.94,67.3,6,1.0,,8,18.2,
2025-02-21,CUST-01054,SMB,North America,Paid Search,Growth,488.99,59.7,1,0.0,Google Ads,5,7.5,11
2025-02-22,CUST-01003,Enterprise,Latin America,Organic Search,Enterprise,20193.73,94.2,0,0.0,Blog,84,,96
2025-02-22,CUST-01004,Enterprise,APAC,Paid Social,Enterprise,21721.59,53.7,2,0.0,LinkedIn Ads,53,24.1,-16
2025-02-22,CUST-01014,SMB,North America,Referral,Business,2560.47,76.9,0,0.0,Customer Referral,,2.5,66
2025-02-22,CUST-01015,Enterprise,APAC,Partner,Enterprise,15378.96,99.0,3,0.0,Solutions Partner,120,6.4,
2025-02-22,CUST-01037,SMB,APAC,Paid Search,Business,1884.31,89.2,,1.0,Google Ads,18,20.3,44
2025-02-23,CUST-00994,Mid-Market,Middle East & Africa,Organic Search,Enterprise,9621.78,83.3,1,0.0,Blog,78,6.3,52
2025-02-24,CUST-00963,SMB,North America,Referral,Starter,98.54,77.7,1,0.0,Customer Referral,13,3.8,32
2025-02-24,CUST-00965,Enterprise,North America,Paid Search,Business,4930.28,85.0,6,0.0,Google Ads,,3.7,43
2025-02-24,CUST-01011,Mid-Market,Europe,Organic Search,Growth,668.32,91.2,1,0.0,Website SEO,15,,59
2025-02-24,CUST-01025,Mid-Market,North America,Paid Search,Growth,1091.23,47.8,10,1.0,Google Ads,13,8.0,-49
2025-02-24,CUST-01034,Enterprise,Europe,Organic Search,Enterprise,12031.59,71.9,3,0.0,Website SEO,66,16.4,24
2025-02-24,CUST-01043,Mid-Market,APAC,Partner,Growth,703.65,92.1,5,1.0,Reseller,65,9.6,45
2025-02-25,CUST-00990,SMB,Europe,Referral,Growth,658.55,86.5,0,0.0,Customer Referral,,0.0,
2025-02-26,CUST-00955,SMB,Latin America,Paid Social,Growth,370.80,64.6,1,0.0,Meta Ads,8,15.5,19
2025-02-26,CUST-00983,Enterprise,North America,Referral,Business,1868.68,89.7,3,0.0,Customer Referral,,8.1,51
2025-02-26,CUST-01002,SMB,Europe,Organic Search,Business,2957.50,87.1,2,0.0,Website SEO,15,,62
2025-02-26,CUST-01026,Enterprise,Latin America,Referral,Enterprise,11379.12,86.3,1,0.0,Customer Referral,75,13.0,
2025-02-26,CUST-01061,SMB,APAC,Partner,Business,1402.23,70.0,2,0.0,Solutions Partner,32,9.7,52
2025-02-27,CUST-01051,Mid-Market,APAC,Content,Growth,452.06,64.7,2,0.0,Webinar,44,0.0,49
2025-02-27,CUST-01052,Mid-Market,APAC,Referral,Growth,861.25,63.4,1,0.0,Customer Referral,38,3.3,42
2025-02-27,CUST-01060,Mid-Market,Europe,Content,Growth,851.71,83.1,3,0.0,Webinar,36,7.9,51
2025-02-28,CUST-00958,Enterprise,North America,Referral,Business,2458.21,99.0,4,0.0,Customer Referral,64,3.2,88
2025-02-28,CUST-00980,Mid-Market,Europe,Organic Search,Business,3880.71,59.6,3,1.0,Website SEO,39,7.6,-13
2025-02-28,CUST-00981,Enterprise,North America,Organic Search,Enterprise,32981.65,77.9,,0.0,Website SEO,93,0.0,28
2025-02-28,CUST-01018,SMB,North America,Organic Search,Starter,108.63,57.0,2,0.0,Website SEO,,0.0,20
2025-02-28,CUST-01035,SMB,Europe,Organic Search,Starter,101.33,50.3,4,0.0,Website SEO,,8.3,3
2025-03-01,CUST-01066,Mid-Market,North America,Organic Search,Business,4633.17,68.1,2,0.0,Blog,37,7.3,31
2025-03-01,CUST-01067,SMB,Europe,Paid Social,Business,2367.09,51.6,6,1.0,Meta Ads,16,10.6,-33
2025-03-01,CUST-01127,SMB,APAC,Organic Search,Starter,77.03,66.7,0,0.0,Marketplace,19,0.0,
2025-03-02,CUST-01077,Mid-Market,Latin America,Paid Search,Business,1152.03,84.8,1,0.0,Google Ads,33,22.5,44
2025-03-02,CUST-01120,Mid-Market,Latin America,Partner,Business,1210.67,57.1,8,1.0,Solutions Partner,50,3.5,-3
2025-03-02,CUST-01133,Mid-Market,Latin America,Referral,Business,3236.43,90.1,1,0.0,Founder Network,,0.0,67
2025-03-02,CUST-01140,SMB,APAC,Organic Search,Growth,399.13,60.3,,0.0,Website SEO,14,6.8,44
2025-03-02,CUST-01163,Mid-Market,Europe,Paid Search,Growth,373.95,69.6,4,0.0,Google Ads,29,12.6,29
2025-03-03,CUST-01106,Mid-Market,Europe,Organic Search,Growth,930.50,90.0,3,0.0,Website SEO,38,4.0,67
2025-03-03,CUST-01115,Mid-Market,Latin America,Organic Search,Business,3028.62,91.4,,0.0,Website SEO,37,6.4,92
2025-03-03,CUST-01166,Enterprise,APAC,Partner,Enterprise,21648.76,85.4,4,0.0,Solutions Partner,82,7.1,63
2025-03-04,CUST-01064,SMB,APAC,Organic Search,Growth,301.77,70.7,0,0.0,Marketplace,10,5.5,54
2025-03-04,CUST-01089,SMB,Latin America,Paid Search,Starter,137.72,27.8,33,1.0,Google Ads,4,14.2,-57
2025-03-04,CUST-01117,Mid-Market,APAC,Organic Search,Business,3153.61,99.0,1,0.0,Website SEO,41,3.6,78
2025-03-04,CUST-01137,Enterprise,North America,Partner,Business,3118.90,80.6,4,0.0,Reseller,58,14.2,57
2025-03-04,CUST-01145,SMB,Europe,Paid Search,Growth,859.53,69.5,3,0.0,Google Ads,2,10.9,-4
2025-03-04,CUST-01153,Mid-Market,North America,Paid Search,Business,2119.17,64.1,6,1.0,Google Ads,35,22.3,7
2025-03-05,CUST-01102,Mid-Market,North America,Paid Social,Business,2826.49,69.2,3,0.0,LinkedIn Ads,40,16.2,13
2025-03-05,CUST-01107,Enterprise,Latin America,Referral,Business,1817.64,82.0,2,0.0,Customer Referral,60,4.3,35
2025-03-05,CUST-01134,Mid-Market,North America,Paid Search,Enterprise,12865.72,65.8,2,0.0,Google Ads,,8.6,32
2025-03-06,CUST-01062,SMB,Europe,Paid Search,Growth,610.09,70.3,3,0.0,Google Ads,,5.6,29
2025-03-06,CUST-01093,SMB,North America,Referral,Growth,851.39,76.5,2,0.0,Customer Referral,14,0.0,51
2025-03-06,CUST-01104,Mid-Market,North America,Paid Social,Growth,625.07,41.7,5,1.0,Meta Ads,37,19.4,-22
2025-03-06,CUST-01128,Mid-Market,Europe,Organic Search,Growth,682.41,60.6,4,0.0,Blog,32,6.5,31
2025-03-06,CUST-01156,Mid-Market,North America,Paid Search,Business,2188.30,66.4,3,0.0,Retargeting,40,19.6,49
2025-03-07,CUST-01100,Mid-Market,Europe,Partner,Growth,1091.05,71.9,3,0.0,Solutions Partner,58,9.9,34
2025-03-07,CUST-01129,Enterprise,Latin America,Content,Enterprise,14186.26,83.4,2,0.0,Newsletter,89,7.0,68
2025-03-07,CUST-01130,SMB,North America,Paid Social,Business,2789.92,57.2,5,0.0,LinkedIn Ads,10,19.4,6
2025-03-07,CUST-01149,SMB,Latin America,Paid Search,Starter,80.88,66.7,2,0.0,Google Ads,6,20.0,22
2025-03-08,CUST-01092,SMB,APAC,Paid Search,Growth,300.86,46.7,3,0.0,Google Ads,3,21.3,3
2025-03-08,CUST-01143,Mid-Market,Latin America,Partner,Business,2692.23,72.4,3,0.0,Reseller,32,8.7,51
2025-03-08,CUST-01147,SMB,Europe,Referral,Growth,832.58,67.5,2,0.0,Customer Referral,12,0.7,43
2025-03-08,CUST-01154,Mid-Market,Europe,Paid Search,Growth,595.93,16.4,54,1.0,Google Ads,35,13.4,-72
2025-03-09,CUST-01080,Mid-Market,Europe,Paid Search,Business,2620.93,82.0,5,1.0,Google Ads,27,19.9,5
2025-03-09,CUST-01124,SMB,Europe,Paid Search,Growth,613.30,24.0,5,0.0,Google Ads,5,14.4,-21
2025-03-09,CUST-01142,SMB,APAC,Paid Search,Growth,444.11,61.3,4,1.0,Retargeting,1,,-4
2025-03-10,CUST-01070,Mid-Market,Europe,Partner,Business,4340.65,80.7,3,0.0,Solutions Partner,49,8.6,72
2025-03-10,CUST-01112,Mid-Market,Europe,Partner,Business,3521.70,70.4,7,1.0,Solutions Partner,28,7.4,6
2025-03-11,CUST-01078,SMB,Latin America,Paid Social,Growth,328.33,24.3,7,1.0,LinkedIn Ads,1,,-50
2025-03-11,CUST-01097,SMB,North America,Organic Search,Starter,184.65,63.4,0,0.0,Website SEO,8,7.2,56
2025-03-12,CUST-01108,Mid-Market,North America,Paid Social,Growth,911.88,81.0,7,1.0,LinkedIn Ads,25,23.5,15
2025-03-12,CUST-01121,SMB,North America,Organic Search,Growth,471.46,77.7,0,0.0,Marketplace,11,9.5,64
2025-03-12,CUST-01139,SMB,APAC,Paid Search,Business,2677.39,,0,0.0,Google Ads,10,8.3,49
2025-03-12,CUST-01151,SMB,Europe,Paid Search,Starter,116.76,33.7,,1.0,Google Ads,10,19.3,-56
2025-03-12,CUST-01164,Mid-Market,APAC,Referral,Business,2642.33,76.7,1,0.0,Customer Referral,28,0.0,65
2025-03-13,CUST-01087,SMB,APAC,Organic Search,Starter,173.69,75.3,0,0.0,Website SEO,12,2.4,54
2025-03-13,CUST-01090,SMB,Europe,Organic Search,Starter,232.80,39.8,5,0.0,Website SEO,11,0.0,
2025-03-14,CUST-01157,Mid-Market,Latin America,Paid Social,Growth,633.35,62.0,3,0.0,LinkedIn Ads,25,22.0,24
2025-03-14,CUST-01167,SMB,North America,Organic Search,Starter,161.20,64.7,2,0.0,Website SEO,12,,18
2025-03-15,CUST-01088,Mid-Market,North America,Referral,Enterprise,11386.96,65.7,,0.0,Customer Referral,83,7.3,45
2025-03-15,CUST-01096,Enterprise,Europe,Referral,Business,1806.66,69.6,8,1.0,Customer Referral,64,6.3,-7
2025-03-16,CUST-01071,SMB,Europe,Paid Search,Growth,685.42,69.2,1,0.0,Google Ads,13,5.5,50
2025-03-16,CUST-01081,Mid-Market,Europe,Organic Search,Business,2964.36,94.3,1,0.0,Website SEO,38,9.7,69
2025-03-16,CUST-01095,SMB,APAC,Paid Social,Growth,256.41,44.1,3,0.0,Meta Ads,12,22.4,0
2025-03-16,CUST-01135,SMB,Latin America,Referral,Growth,577.36,71.5,,1.0,Customer Referral,9,4.1,-7
2025-03-16,CUST-01158,Mid-Market,North America,Referral,Enterprise,24650.22,66.8,1,0.0,Customer Referral,,2.7,25
2025-03-17,CUST-01065,SMB,APAC,Paid Social,Growth,522.42,42.9,4,0.0,Meta Ads,6,19.8,-9
2025-03-17,CUST-01098,SMB,Latin America,Paid Search,Starter,132.11,64.6,1,0.0,Google Ads,4,21.3,43
2025-03-17,CUST-01123,SMB,APAC,Paid Social,Starter,127.45,39.7,8,1.0,Meta Ads,10,11.0,
2025-03-17,CUST-01138,Mid-Market,North America,Referral,Growth,476.69,91.7,1,0.0,Founder Network,39,1.2,39
2025-03-18,CUST-01116,SMB,APAC,Paid Search,Growth,305.19,47.6,6,1.0,Google Ads,1,14.4,-43
2025-03-18,CUST-01119,Enterprise,North America,Partner,Enterprise,75736.87,99.0,2,0.0,Solutions Partner,70,31.5,82
2025-03-18,CUST-01144,SMB,North America,Referral,Business,3339.36,95.7,0,0.0,Founder Network,17,0.6,91
2025-03-18,CUST-01150,Mid-Market,APAC,Organic Search,Business,1533.33,68.2,4,0.0,Blog,29,0.0,24
2025-03-19,CUST-01074,Mid-Market,Latin America,Paid Search,Business,1655.65,74.6,1,0.0,Retargeting,37,9.2,37
2025-03-19,CUST-01076,SMB,Europe,Organic Search,Starter,165.60,46.9,6,1.0,Website SEO,15,3.5,-37
2025-03-19,CUST-01082,SMB,North America,Referral,Growth,913.79,83.3,3,0.0,Founder Network,16,3.3,68
2025-03-20,CUST-01085,SMB,North America,Paid Social,Starter,151.74,60.4,4,0.0,LinkedIn Ads,4,24.5,9
2025-03-20,CUST-01086,Mid-Market,North America,Organic Search,Business,1922.77,78.1,2,0.0,Website SEO,45,0.0,28
2025-03-20,CUST-01094,Mid-Market,North America,Organic Search,Growth,1059.25,92.9,3,0.0,Website SEO,23,7.7,60
2025-03-20,CUST-01110,Enterprise,North America,Partner,Enterprise,35846.19,99.0,6,1.0,Reseller,,9.6,33
2025-03-20,CUST-01118,SMB,North America,Content,Starter,245.33,55.9,4,0.0,Webinar,7,2.0,20
2025-03-20,CUST-01132,SMB,APAC,Organic Search,Starter,143.73,63.1,1,0.0,Website SEO,12,,34
2025-03-21,CUST-01069,Mid-Market,North America,Paid Search,Business,2997.01,72.9,4,0.0,Google Ads,31,11.1,39
2025-03-21,CUST-01103,Mid-Market,APAC,Referral,Growth,698.36,96.6,2,0.0,Founder Network,38,8.6,79
2025-03-23,CUST-01099,Mid-Market,APAC,Paid Search,Growth,759.70,55.2,4,0.0,Bing Ads,33,17.3,6
2025-03-23,CUST-01155,Mid-Market,Europe,Referral,Growth,928.89,90.6,2,0.0,Customer Referral,34,11.9,73
2025-03-23,CUST-01161,Mid-Market,Europe,Partner,Business,3048.88,88.3,0,0.0,Solutions Partner,46,17.1,
2025-03-24,CUST-01063,Mid-Market,North America,Referral,Business,3791.29,99.0,3,0.0,Founder Network,32,,79
2025-03-24,CUST-01073,SMB,Europe,Paid Social,Growth,699.09,25.7,7,0.0,LinkedIn Ads,18,25.9,-38
2025-03-24,CUST-01091,SMB,Europe,Paid Social,Business,2463.31,61.6,3,0.0,,14,14.9,22
2025-03-24,CUST-01101,SMB,North America,Referral,Business,3782.12,90.4,0,0.0,Customer Referral,14,,88
2025-03-24,CUST-01111,Mid-Market,North America,Content,Enterprise,15169.09,56.6,6,0.0,Newsletter,66,9.2,-15
2025-03-24,CUST-01159,SMB,APAC,Organic Search,Business,1507.17,71.2,1,0.0,Website SEO,17,1.3,57
2025-03-25,CUST-01079,SMB,APAC,Referral,Starter,188.84,74.9,1,0.0,Customer Referral,20,0.9,35
2025-03-25,CUST-01105,SMB,North America,Paid Search,Starter,221.12,27.5,3,0.0,Google Ads,1,16.5,-34
2025-03-26,CUST-01113,Enterprise,North America,Organic Search,Business,1846.09,99.0,0,0.0,Website SEO,97,,100
2025-03-26,CUST-01113,Enterprise,North America,Organic Search,Business,1846.09,99.0,0,0.0,Website SEO,97,,100
2025-03-26,CUST-01122,Enterprise,Europe,Partner,Enterprise,18682.75,85.2,,0.0,Reseller,91,18.4,51
2025-03-27,CUST-01084,Mid-Market,North America,Referral,Business,4668.60,91.8,6,0.0,Customer Referral,26,0.0,45
2025-03-27,CUST-01114,Mid-Market,North America,Organic Search,Growth,721.06,90.7,3,0.0,Website SEO,30,0.5,41
2025-03-27,CUST-01125,Mid-Market,APAC,Paid Search,Business,1583.73,69.9,3,0.0,Google Ads,28,13.2,36
2025-03-27,CUST-01141,Mid-Market,North America,Organic Search,Growth,1161.98,80.2,1,0.0,Website SEO,30,0.0,70
2025-03-27,CUST-01165,Mid-Market,North America,Partner,Enterprise,23822.00,93.5,1,0.0,Reseller,58,5.2,
2025-03-28,CUST-01068,SMB,Latin America,Organic Search,Starter,156.25,55.5,2,0.0,Website SEO,16,3.4,32
2025-03-28,CUST-01072,Mid-Market,North America,Referral,Growth,1162.67,74.1,3,0.0,Founder Network,36,1.3,30
2025-03-28,CUST-01136,Mid-Market,North America,Referral,Business,3723.35,73.3,3,0.0,Customer Referral,36,9.3,59
2025-03-28,CUST-01146,Enterprise,Europe,Organic Search,Enterprise,31803.26,82.3,2,0.0,Website SEO,81,10.1,54
2025-03-28,CUST-01152,Enterprise,North America,Partner,Enterprise,27776.52,99.0,2,0.0,Solutions Partner,73,16.1,72
2025-03-28,CUST-01162,Mid-Market,North America,Referral,Enterprise,24405.50,85.3,3,0.0,Customer Referral,61,8.5,
2025-03-29,CUST-01075,Mid-Market,APAC,Referral,Growth,404.82,78.6,3,0.0,Customer Referral,,0.0,46
2025-03-29,CUST-01131,SMB,North America,Organic Search,Growth,661.20,84.8,0,0.0,Website SEO,11,2.3,
2025-03-29,CUST-01160,SMB,Latin America,Paid Search,Growth,494.27,54.3,1,0.0,Google Ads,7,1.5,5
2025-03-30,CUST-01083,Mid-Market,North America,Partner,Growth,637.28,93.3,1,0.0,Reseller,51,17.8,74
2025-03-31,CUST-01109,SMB,Europe,Referral,Growth,373.34,74.2,1,0.0,Customer Referral,,0.0,56
2025-03-31,CUST-01126,SMB,North America,Referral,Starter,197.71,,4,0.0,Customer Referral,4,8.4,11
2025-03-31,CUST-01148,SMB,North America,Referral,Growth,390.30,86.6,10,1.0,Customer Referral,15,6.3,9
2025-04-01,CUST-01178,Mid-Market,North America,Paid Search,Business,1804.10,88.8,1,0.0,Bing Ads,55,14.7,54
2025-04-01,CUST-01190,SMB,Europe,Paid Social,Starter,189.39,47.5,5,0.0,Meta Ads,,,-17
2025-04-01,CUST-01202,Mid-Market,North America,Referral,Business,2633.78,91.6,4,0.0,Customer Referral,,7.6,79
2025-04-01,CUST-01213,Mid-Market,Europe,Referral,Growth,1128.07,96.5,3,0.0,Customer Referral,26,0.0,83
2025-04-01,CUST-01217,Enterprise,North America,Paid Search,Enterprise,13651.37,92.9,3,0.0,Bing Ads,77,22.5,74
2025-04-01,CUST-01226,SMB,North America,Referral,Starter,91.24,75.0,0,0.0,Customer Referral,,0.0,35
2025-04-01,CUST-01241,SMB,North America,Organic Search,Growth,781.18,67.0,1,0.0,Website SEO,,2.8,59
2025-04-01,CUST-01265,Mid-Market,APAC,Content,Growth,615.57,64.5,0,0.0,Whitepaper,29,5.3,29
2025-04-02,CUST-01229,SMB,Europe,Organic Search,Starter,193.14,70.5,4,0.0,Website SEO,18,3.2,35
2025-04-02,CUST-01276,SMB,Europe,Paid Social,Starter,156.90,57.7,3,0.0,LinkedIn Ads,,19.8,
2025-04-03,CUST-01182,Mid-Market,North America,Organic Search,Growth,829.20,82.4,2,0.0,Website SEO,28,2.1,63
2025-04-03,CUST-01266,Mid-Market,Europe,Referral,Business,2345.25,78.2,3,0.0,Customer Referral,46,4.2,61
2025-04-04,CUST-01187,SMB,Europe,Paid Social,Starter,136.02,66.2,2,0.0,LinkedIn Ads,,16.8,32
2025-04-04,CUST-01211,Mid-Market,Europe,Referral,Business,1806.88,80.0,2,0.0,Customer Referral,31,,49
2025-04-04,CUST-01244,Mid-Market,APAC,Organic Search,Growth,675.62,76.1,0,0.0,Website SEO,43,0.0,68
2025-04-04,CUST-01254,Enterprise,North America,Referral,Enterprise,27480.82,98.6,1,0.0,Customer Referral,72,13.8,90
2025-04-05,CUST-01170,Enterprise,APAC,Organic Search,Enterprise,18863.37,90.4,0,0.0,Website SEO,72,17.7,77
2025-04-05,CUST-01219,Enterprise,North America,Partner,Enterprise,21532.99,99.0,5,0.0,Solutions Partner,,17.6,77
2025-04-06,CUST-01177,Mid-Market,APAC,Partner,Growth,761.47,79.2,2,0.0,Solutions Partner,51,12.8,43
2025-04-06,CUST-01247,Mid-Market,Europe,Paid Search,Business,2013.99,77.4,4,1.0,Google Ads,16,14.0,13
2025-04-07,CUST-01194,Mid-Market,North America,Paid Social,Business,3728.40,59.0,4,0.0,LinkedIn Ads,41,26.3,37
2025-04-07,CUST-01201,Mid-Market,North America,Referral,Business,2188.72,83.4,0,0.0,Founder Network,33,6.5,58
2025-04-07,CUST-01255,Enterprise,North America,Paid Search,Enterprise,10330.94,61.7,2,0.0,Google Ads,87,24.7,18
2025-04-08,CUST-01169,SMB,Europe,Referral,Growth,410.59,70.9,2,0.0,Founder Network,9,9.5,49
2025-04-08,CUST-01214,Mid-Market,Latin America,Referral,Business,1478.68,95.5,1,0.0,Customer Referral,34,14.2,81
2025-04-08,CUST-01236,Enterprise,APAC,Organic Search,Enterprise,25197.17,,0,0.0,Blog,75,8.5,65
2025-04-08,CUST-01249,SMB,North America,Content,Starter,95.21,72.6,3,0.0,Newsletter,6,7.4,34
2025-04-09,CUST-01180,Mid-Market,APAC,Referral,Business,1788.65,99.0,2,0.0,Customer Referral,33,12.7,56
2025-04-09,CUST-01203,Enterprise,Europe,Partner,Enterprise,24043.72,99.0,1,0.0,Reseller,58,10.5,82
2025-04-09,CUST-01263,Mid-Market,North America,Organic Search,Growth,441.56,68.5,2,0.0,Website SEO,,0.3,
2025-04-09,CUST-01271,SMB,North America,Paid Search,Growth,474.04,49.6,6,0.0,Google Ads,3,15.6,-9
2025-04-10,CUST-01222,Mid-Market,North America,Paid Social,Business,3836.57,71.0,3,0.0,LinkedIn Ads,40,,14
2025-04-10,CUST-01238,SMB,North America,Paid Search,Starter,109.87,63.8,3,0.0,Google Ads,8,16.4,13
2025-04-10,CUST-01256,SMB,North America,Organic Search,Growth,405.33,63.8,3,0.0,Website SEO,14,7.4,11
2025-04-11,CUST-01173,SMB,APAC,Paid Social,Starter,150.80,33.9,,1.0,LinkedIn Ads,4,22.8,-54
2025-04-11,CUST-01193,Mid-Market,North America,Paid Social,Growth,709.50,53.0,,0.0,LinkedIn Ads,18,19.4,-5
2025-04-11,CUST-01196,SMB,Latin America,Organic Search,Growth,515.89,,4,0.0,Website SEO,5,2.7,
2025-04-11,CUST-01215,Mid-Market,APAC,Paid Search,Enterprise,18042.02,65.3,4,0.0,Retargeting,51,13.4,27
2025-04-11,CUST-01261,Mid-Market,North America,Referral,Growth,771.80,68.0,5,0.0,Customer Referral,34,11.3,
2025-04-11,CUST-01269,SMB,North America,Paid Search,Growth,477.93,68.3,5,1.0,Bing Ads,,15.0,0
2025-04-12,CUST-01172,SMB,Europe,Paid Social,Starter,66.99,57.4,3,0.0,LinkedIn Ads,,19.6,16
2025-04-12,CUST-01197,Mid-Market,Latin America,Content,Business,1561.71,78.8,1,0.0,Webinar,29,1.6,
2025-04-12,CUST-01206,SMB,North America,Paid Social,Starter,176.97,27.3,3,0.0,Meta Ads,13,30.0,-21
2025-04-12,CUST-01228,SMB,North America,Organic Search,Growth,352.10,59.8,4,0.0,Website SEO,24,4.8,11
2025-04-14,CUST-01175,Mid-Market,North America,Partner,Business,4599.34,99.0,3,0.0,Reseller,,1.5,79
2025-04-14,CUST-01185,Mid-Market,North America,Paid Search,Growth,504.26,59.2,3,1.0,Bing Ads,27,18.3,0
2025-04-14,CUST-01195,SMB,Middle East & Africa,Referral,Growth,511.58,78.4,2,0.0,Customer Referral,20,9.8,59
2025-04-14,CUST-01200,SMB,North America,Referral,Business,2439.61,73.0,0,0.0,Customer Referral,12,8.1,57
2025-04-14,CUST-01230,Enterprise,Europe,Partner,Enterprise,16167.49,99.0,5,0.0,Solutions Partner,84,11.0,74
2025-04-14,CUST-01243,Mid-Market,North America,Organic Search,Business,4837.08,72.3,3,0.0,Website SEO,38,0.0,
2025-04-14,CUST-01251,Mid-Market,North America,Referral,Business,4340.86,87.1,4,0.0,Customer Referral,19,3.8,59
2025-04-14,CUST-01252,SMB,North America,Organic Search,Business,1689.84,82.3,1,0.0,Blog,19,0.0,85
2025-04-15,CUST-01216,Mid-Market,North America,Organic Search,Growth,420.27,79.4,1,0.0,Blog,21,4.0,
2025-04-15,CUST-01267,Mid-Market,Europe,Partner,Growth,783.26,94.9,4,0.0,Solutions Partner,52,14.2,72
2025-04-16,CUST-01168,Mid-Market,North America,Paid Social,Business,2441.64,46.8,,1.0,LinkedIn Ads,37,14.2,-35
2025-04-16,CUST-01184,Mid-Market,North America,Organic Search,Business,2606.10,66.3,2,0.0,Website SEO,30,0.0,34
2025-04-16,CUST-01258,Enterprise,North America,Referral,Enterprise,20515.57,95.9,3,0.0,Customer Referral,136,2.9,
2025-04-16,CUST-01270,SMB,APAC,Paid Search,Starter,114.83,41.6,5,0.0,Google Ads,5,15.0,-20
2025-04-17,CUST-01188,Mid-Market,APAC,Referral,Growth,367.23,77.0,1,0.0,Customer Referral,14,0.0,
2025-04-17,CUST-01224,Mid-Market,APAC,Organic Search,Enterprise,14512.70,99.0,3,0.0,Website SEO,49,9.5,66
2025-04-18,CUST-01204,Mid-Market,North America,Referral,Growth,716.72,63.6,4,0.0,Customer Referral,,0.0,
2025-04-18,CUST-01232,Mid-Market,APAC,Referral,Growth,423.62,93.1,2,0.0,Customer Referral,30,0.0,67
2025-04-18,CUST-01235,Mid-Market,APAC,Paid Social,Business,2401.29,82.5,4,1.0,LinkedIn Ads,33,16.2,
2025-04-19,CUST-01174,SMB,North America,Referral,Starter,148.93,76.3,0,0.0,Customer Referral,12,0.0,39
2025-04-19,CUST-01260,Enterprise,APAC,Referral,Business,2981.49,96.4,3,0.0,Founder Network,29,7.7,79
2025-04-19,CUST-01272,Enterprise,Europe,Partner,Enterprise,11197.99,99.0,1,0.0,Solutions Partner,,7.9,82
2025-04-20,CUST-01179,SMB,North America,Organic Search,Starter,189.80,50.0,5,0.0,Website SEO,,,17
2025-04-20,CUST-01220,Enterprise,Middle East & Africa,Referral,Business,4132.80,99.0,4,0.0,Customer Referral,63,0.0,69
2025-04-20,CUST-01239,SMB,Middle East & Africa,Paid Search,Starter,90.54,65.2,3,0.0,Google Ads,13,23.4,29
2025-04-20,CUST-01240,Mid-Market,North America,Organic Search,Growth,475.82,99.0,1,0.0,Blog,28,0.0,
2025-04-21,CUST-01208,Enterprise,North America,Referral,Enterprise,20997.06,90.5,2,0.0,Customer Referral,106,14.2,
2025-04-21,CUST-01218,Mid-Market,North America,Partner,Growth,719.81,87.5,5,1.0,Solutions Partner,48,8.8,12
2025-04-21,CUST-01225,Enterprise,Europe,Organic Search,Business,4793.69,88.7,4,0.0,Website SEO,60,8.7,52
2025-04-21,CUST-01227,SMB,North America,Paid Search,Starter,88.41,55.8,3,0.0,Google Ads,9,8.9,-7
2025-04-21,CUST-01268,SMB,Europe,Referral,Growth,426.35,45.5,4,0.0,Customer Referral,12,8.2,24
2025-04-21,CUST-01275,Mid-Market,Latin America,Paid Search,Business,1754.90,62.8,4,0.0,Google Ads,35,18.1,16
2025-04-22,CUST-01212,SMB,Middle East & Africa,Paid Search,Starter,117.23,46.3,3,0.0,Google Ads,3,10.5,-22
2025-04-22,CUST-01231,Enterprise,APAC,Paid Search,Enterprise,22598.16,70.5,3,0.0,Google Ads,120,20.1,
2025-04-23,CUST-01181,Mid-Market,North America,Referral,Growth,559.92,93.7,2,0.0,Customer Referral,34,8.4,70
2025-04-23,CUST-01189,Mid-Market,Latin America,Organic Search,Business,1921.25,58.2,3,0.0,Blog,29,8.5,11
2025-04-23,CUST-01209,Mid-Market,Latin America,Organic Search,Business,1049.54,96.3,1,0.0,Website SEO,33,6.5,72
2025-04-23,CUST-01223,SMB,North America,Partner,Starter,131.38,60.2,5,0.0,Solutions Partner,34,0.0,13
2025-04-23,CUST-01242,Mid-Market,APAC,Partner,Business,1943.77,62.4,4,1.0,Solutions Partner,49,4.9,26
2025-04-23,CUST-01257,Mid-Market,APAC,Paid Search,Growth,545.89,76.8,6,1.0,Google Ads,18,23.9,8
2025-04-23,CUST-01259,SMB,Europe,Paid Social,Starter,146.71,68.5,1,0.0,Meta Ads,1,21.6,33
2025-04-24,CUST-01191,Mid-Market,North America,Referral,Growth,931.30,75.9,2,0.0,Customer Referral,,5.5,53
2025-04-24,CUST-01198,SMB,APAC,Organic Search,Starter,121.33,58.8,2,0.0,Blog,17,14.9,21
2025-04-24,CUST-01250,Mid-Market,Europe,Content,Growth,499.22,82.1,0,0.0,Whitepaper,34,4.9,71
2025-04-24,CUST-01253,SMB,Latin America,Referral,Starter,118.72,65.8,3,0.0,Customer Referral,10,13.0,27
2025-04-24,CUST-01262,SMB,Europe,Content,Starter,189.97,61.9,2,0.0,Webinar,17,,17
2025-04-25,CUST-01186,Enterprise,North America,Partner,Enterprise,14303.42,78.8,,0.0,Solutions Partner,113,12.3,
2025-04-25,CUST-01207,SMB,APAC,Paid Search,Starter,174.58,33.2,7,1.0,Bing Ads,,8.0,-55
2025-04-25,CUST-01273,Enterprise,Europe,Partner,Enterprise,32955.26,61.8,5,0.0,Solutions Partner,125,8.6,19
2025-04-26,CUST-01176,SMB,North America,Paid Social,Starter,89.11,27.6,7,0.0,LinkedIn Ads,,13.5,-33
2025-04-26,CUST-01192,Enterprise,North America,Partner,Enterprise,21868.71,59.9,4,0.0,Solutions Partner,116,11.2,-9
2025-04-26,CUST-01221,SMB,North America,Organic Search,Business,3810.70,67.5,0,0.0,Marketplace,12,9.4,40
2025-04-26,CUST-01233,SMB,Europe,Referral,Growth,562.64,92.9,1,0.0,Customer Referral,,3.7,74
2025-04-27,CUST-01245,Mid-Market,North America,Referral,Business,2029.99,87.8,3,0.0,Customer Referral,41,2.0,60
2025-04-27,CUST-01264,Mid-Market,North America,Organic Search,Growth,713.29,75.1,0,0.0,Blog,35,0.0,55
2025-04-28,CUST-01171,SMB,Europe,Referral,Starter,168.57,53.7,0,0.0,Customer Referral,11,8.5,38
2025-04-28,CUST-01199,SMB,APAC,Referral,Starter,69.76,65.6,3,0.0,Customer Referral,11,3.4,43
2025-04-28,CUST-01205,Mid-Market,North America,Content,Enterprise,20774.36,88.2,1,0.0,Webinar,65,7.8,84
2025-04-28,CUST-01246,SMB,North America,Referral,Growth,565.82,80.0,0,0.0,Customer Referral,15,2.2,62
2025-04-29,CUST-01210,Mid-Market,Latin America,Organic Search,Business,3037.98,78.6,4,0.0,Website SEO,42,1.8,38
2025-04-29,CUST-01248,Mid-Market,APAC,Paid Search,Growth,819.22,65.0,4,0.0,Google Ads,29,7.4,16
2025-04-29,CUST-01274,Enterprise,North America,Paid Search,Enterprise,23745.91,74.6,3,0.0,Google Ads,78,22.1,
2025-04-30,CUST-01183,Enterprise,Latin America,Organic Search,Business,1199.75,70.5,3,0.0,Website SEO,104,0.0,43
2025-04-30,CUST-01234,Mid-Market,North America,Organic Search,Growth,511.80,88.6,1,0.0,Blog,18,3.9,68
2025-04-30,CUST-01237,SMB,Latin America,Organic Search,Starter,107.27,72.2,0,0.0,Website SEO,8,8.7,40
2025-05-01,CUST-01293,Mid-Market,APAC,Referral,Growth,412.27,84.0,6,0.0,Founder Network,27,6.0,43
2025-05-01,CUST-01362,SMB,Europe,Paid Search,Growth,425.87,43.8,6,1.0,Google Ads,7,16.6,-50
2025-05-01,CUST-01365,SMB,Europe,Paid Social,Starter,75.86,33.6,8,1.0,Retargeting,6,30.1,-63
2025-05-01,CUST-01372,SMB,North America,Paid Social,Starter,82.69,45.3,7,1.0,Meta Ads,8,15.7,-33
2025-05-01,CUST-01373,Mid-Market,North America,Partner,Business,4517.65,71.2,1,0.0,Solutions Partner,64,12.0,43
2025-05-02,CUST-01300,SMB,Europe,Paid Social,Growth,595.38,27.4,7,0.0,Meta Ads,8,20.3,-42
2025-05-02,CUST-01371,SMB,North America,Paid Search,Growth,579.13,55.8,3,0.0,Retargeting,6,17.3,13
2025-05-02,CUST-01385,SMB,North America,Paid Search,Starter,118.04,59.3,0,0.0,Google Ads,7,13.8,33
2025-05-03,CUST-01318,SMB,North America,Organic Search,Business,3843.53,70.5,1,0.0,Website SEO,10,2.2,38
2025-05-04,CUST-01278,Mid-Market,APAC,Organic Search,Enterprise,18556.90,56.9,2,0.0,Website SEO,57,9.6,22
2025-05-04,CUST-01298,Mid-Market,North America,Organic Search,Business,1851.98,,3,0.0,Website SEO,31,2.3,43
2025-05-04,CUST-01359,SMB,Europe,Paid Social,Growth,595.46,38.2,3,0.0,Retargeting,7,31.2,-4
2025-05-04,CUST-01361,SMB,APAC,Organic Search,Starter,175.87,52.1,3,0.0,Website SEO,4,5.4,14
2025-05-04,CUST-01388,Mid-Market,APAC,Organic Search,Business,3431.24,83.2,0,0.0,Website SEO,32,2.3,61
2025-05-05,CUST-01334,SMB,Europe,Paid Social,Growth,659.36,30.0,7,0.0,,1,26.3,-27
2025-05-05,CUST-01345,Mid-Market,Europe,Referral,Growth,1050.23,74.0,,0.0,Customer Referral,30,0.1,
2025-05-05,CUST-01374,SMB,North America,Paid Social,Growth,697.63,48.3,3,0.0,LinkedIn Ads,12,24.9,11
2025-05-05,CUST-01380,SMB,Europe,Paid Search,Starter,193.88,34.8,6,1.0,Retargeting,6,22.1,-61
2025-05-06,CUST-01286,SMB,North America,Organic Search,Growth,821.40,56.1,0,0.0,Blog,14,9.1,14
2025-05-06,CUST-01304,Mid-Market,APAC,Referral,Growth,424.29,71.8,11,1.0,Customer Referral,,0.1,-17
2025-05-06,CUST-01314,SMB,APAC,Paid Social,Starter,132.39,47.9,3,0.0,LinkedIn Ads,7,27.6,-3
2025-05-06,CUST-01378,SMB,North America,Organic Search,Starter,163.64,74.6,0,0.0,Website SEO,14,,68
2025-05-06,CUST-01379,Mid-Market,Latin America,Paid Search,Business,1007.44,62.2,7,1.0,Google Ads,27,21.4,-9
2025-05-07,CUST-01282,Enterprise,North America,Referral,Business,5087.62,67.7,4,0.0,Customer Referral,58,0.0,28
2025-05-07,CUST-01342,SMB,Europe,Content,Growth,673.53,73.3,3,0.0,Webinar,13,4.8,48
2025-05-07,CUST-01353,Enterprise,North America,Partner,Enterprise,29624.77,69.4,7,1.0,Reseller,106,14.6,8
2025-05-08,CUST-01290,SMB,North America,Paid Search,Starter,169.73,37.2,4,0.0,Retargeting,,13.0,-13
2025-05-08,CUST-01315,SMB,North America,Referral,Growth,391.87,84.7,4,0.0,Customer Referral,10,5.6,38
2025-05-08,CUST-01317,SMB,Europe,Content,Starter,191.43,56.3,2,0.0,Whitepaper,14,6.7,11
2025-05-08,CUST-01327,SMB,Latin America,Referral,Business,1408.29,76.9,1,0.0,Customer Referral,10,8.1,59
2025-05-08,CUST-01333,Mid-Market,Europe,Partner,Business,2512.55,85.5,0,0.0,Reseller,47,11.1,60
2025-05-08,CUST-01337,Mid-Market,Europe,Organic Search,Business,2386.37,85.3,3,0.0,Website SEO,22,7.9,57
2025-05-08,CUST-01399,SMB,Europe,Referral,Business,1332.78,62.2,1,0.0,Founder Network,18,0.0,12
2025-05-09,CUST-01288,SMB,North America,Paid Social,Starter,84.24,55.8,4,1.0,LinkedIn Ads,7,19.1,-9
2025-05-09,CUST-01296,SMB,APAC,Paid Social,Starter,83.97,42.3,11,1.0,LinkedIn Ads,5,32.6,-74
2025-05-09,CUST-01392,Mid-Market,Europe,Paid Search,Business,2017.87,56.8,7,1.0,Bing Ads,47,,-25
2025-05-10,CUST-01289,Mid-Market,North America,Referral,Enterprise,28081.04,96.7,0,0.0,Customer Referral,63,10.5,
2025-05-10,CUST-01303,SMB,North America,Referral,Starter,207.27,68.1,0,0.0,Customer Referral,10,3.5,40
2025-05-10,CUST-01321,Mid-Market,Europe,Content,Enterprise,20802.12,79.9,2,0.0,Newsletter,56,5.7,54
2025-05-10,CUST-01401,SMB,APAC,Organic Search,Starter,171.79,47.2,6,1.0,Website SEO,16,1.8,-19
2025-05-11,CUST-01325,SMB,APAC,Paid Search,Starter,124.09,36.2,5,0.0,Google Ads,1,20.1,
2025-05-11,CUST-01351,SMB,Middle East & Africa,Paid Search,Business,786.68,46.6,3,0.0,Google Ads,12,25.1,14
2025-05-11,CUST-01382,Mid-Market,North America,Referral,Business,3365.34,86.7,2,0.0,Customer Referral,20,9.4,75
2025-05-12,CUST-01311,SMB,APAC,Paid Social,Growth,299.42,22.4,8,1.0,LinkedIn Ads,15,32.1,-65
2025-05-13,CUST-01285,Enterprise,Europe,Paid Search,Enterprise,17800.23,70.5,3,0.0,Retargeting,128,28.3,35
2025-05-13,CUST-01366,Mid-Market,North America,Organic Search,Growth,989.30,94.2,7,1.0,Website SEO,46,1.9,
2025-05-13,CUST-01377,Enterprise,Europe,Partner,Enterprise,23699.24,92.1,4,0.0,Solutions Partner,166,16.1,37
2025-05-13,CUST-01403,SMB,Europe,Paid Social,Starter,174.19,42.1,5,0.0,LinkedIn Ads,1,18.3,-5
2025-05-14,CUST-01310,SMB,Europe,Paid Search,Growth,416.03,55.3,2,0.0,Google Ads,8,20.4,11
2025-05-14,CUST-01320,SMB,North America,Organic Search,Starter,206.56,64.6,4,0.0,Website SEO,,8.6,
2025-05-14,CUST-01354,Mid-Market,North America,Organic Search,Growth,560.55,76.1,1,0.0,Blog,37,9.9,63
2025-05-14,CUST-01389,Enterprise,North America,Organic Search,Business,4090.78,99.0,3,0.0,Blog,98,3.7,58
2025-05-14,CUST-01404,Enterprise,North America,Partner,Business,2352.30,90.2,3,0.0,Solutions Partner,97,12.4,70
2025-05-15,CUST-01367,SMB,APAC,Content,Starter,197.64,79.3,4,0.0,Webinar,,6.9,51
2025-05-15,CUST-01386,SMB,APAC,Organic Search,Starter,120.22,74.6,0,0.0,Website SEO,21,10.9,67
2025-05-16,CUST-01292,SMB,North America,Paid Search,Growth,354.98,53.9,4,0.0,Retargeting,5,17.4,12
2025-05-16,CUST-01329,SMB,Europe,Paid Social,Growth,693.78,70.9,6,1.0,Meta Ads,5,23.1,11
2025-05-16,CUST-01330,SMB,Europe,Paid Search,Starter,123.90,59.0,4,0.0,Google Ads,10,20.3,11
2025-05-16,CUST-01402,Mid-Market,APAC,Referral,Business,1735.28,92.0,0,0.0,Customer Referral,30,0.0,45
2025-05-17,CUST-01302,Mid-Market,Europe,Organic Search,Enterprise,21543.03,99.0,3,0.0,Website SEO,57,17.5,73
2025-05-17,CUST-01322,Mid-Market,APAC,Paid Search,Growth,734.98,38.9,10,1.0,Google Ads,20,19.1,-46
2025-05-17,CUST-01322,Mid-Market,APAC,Paid Search,Growth,734.98,38.9,10,1.0,Google Ads,20,19.1,-46
2025-05-17,CUST-01381,Mid-Market,North America,Paid Social,Business,4061.58,59.5,4,0.0,LinkedIn Ads,,20.4,16
2025-05-17,CUST-01390,SMB,Latin America,Paid Social,Growth,359.19,44.1,6,0.0,Meta Ads,9,25.9,-17
2025-05-18,CUST-01341,Mid-Market,North America,Referral,Business,5106.77,81.5,2,0.0,Customer Referral,41,,83
2025-05-18,CUST-01384,Enterprise,North America,Referral,Enterprise,23000.36,88.6,5,0.0,Customer Referral,97,6.7,50
2025-05-18,CUST-01398,SMB,Europe,Paid Social,Growth,710.01,55.8,3,0.0,Meta Ads,11,26.4,15
2025-05-19,CUST-01309,Mid-Market,Middle East & Africa,Referral,Enterprise,15170.04,84.5,2,0.0,Customer Referral,81,3.6,
2025-05-19,CUST-01323,Enterprise,APAC,Paid Search,Enterprise,23242.56,84.0,0,0.0,Retargeting,,21.9,44
2025-05-19,CUST-01324,Mid-Market,North America,Paid Search,Growth,956.49,60.5,5,0.0,Retargeting,19,17.9,6
2025-05-19,CUST-01343,Enterprise,North America,Partner,Enterprise,10672.73,88.7,2,0.0,Reseller,,11.5,54
2025-05-20,CUST-01301,Mid-Market,North America,Paid Search,Growth,687.95,75.0,3,0.0,Retargeting,21,20.1,44
2025-05-20,CUST-01356,SMB,North America,Referral,Starter,154.38,68.6,8,1.0,Customer Referral,10,0.0,-17
2025-05-21,CUST-01283,Enterprise,APAC,Partner,Enterprise,12497.96,99.0,3,0.0,Solutions Partner,74,7.5,100
2025-05-21,CUST-01313,SMB,APAC,Referral,Business,2557.63,89.1,0,0.0,Customer Referral,21,1.8,79
2025-05-21,CUST-01316,Mid-Market,Europe,Partner,Enterprise,28731.10,73.4,3,0.0,Reseller,93,12.2,28
2025-05-21,CUST-01319,SMB,Europe,Organic Search,Growth,866.70,54.6,1,0.0,Blog,16,5.6,7
2025-05-21,CUST-01331,Mid-Market,North America,Paid Search,Business,3189.49,75.6,3,0.0,Retargeting,42,11.1,30
2025-05-21,CUST-01336,Mid-Market,Europe,Paid Search,Enterprise,12205.90,58.2,4,0.0,Google Ads,72,19.3,5
2025-05-21,CUST-01340,SMB,North America,Content,Starter,117.17,68.6,2,0.0,Webinar,12,6.2,36
2025-05-21,CUST-01344,SMB,North America,Paid Search,Growth,284.75,10.8,57,1.0,Google Ads,,24.1,-80
2025-05-21,CUST-01360,SMB,North America,Referral,Growth,937.84,94.3,1,0.0,Customer Referral,14,4.2,97
2025-05-21,CUST-01391,Mid-Market,North America,Organic Search,Enterprise,28628.72,57.9,1,0.0,Website SEO,52,10.5,20
2025-05-22,CUST-01306,SMB,North America,Organic Search,Growth,1015.81,,2,0.0,Website SEO,5,2.6,29
2025-05-22,CUST-01308,Mid-Market,APAC,Partner,Growth,895.10,82.3,2,0.0,Solutions Partner,41,9.5,96
2025-05-22,CUST-01339,SMB,APAC,Paid Search,Starter,99.73,46.2,6,1.0,Google Ads,9,16.0,-21
2025-05-22,CUST-01348,SMB,North America,Organic Search,Growth,833.07,63.4,2,0.0,Website SEO,14,4.4,37
2025-05-22,CUST-01387,Enterprise,North America,Paid Social,Business,2304.63,63.5,5,0.0,LinkedIn Ads,68,17.6,
2025-05-23,CUST-01347,Mid-Market,Europe,Partner,Business,2609.32,79.9,2,0.0,Solutions Partner,,4.4,46
2025-05-23,CUST-01352,SMB,North America,Paid Search,Business,1306.64,67.5,3,0.0,Google Ads,6,15.3,7
2025-05-23,CUST-01368,Mid-Market,North America,Paid Search,Growth,680.83,43.8,2,0.0,Google Ads,20,19.3,-24
2025-05-23,CUST-01395,Enterprise,North America,Partner,Enterprise,59296.42,81.4,1,0.0,Solutions Partner,105,19.0,51
2025-05-24,CUST-01287,Mid-Market,APAC,Paid Search,Growth,672.35,51.3,6,0.0,Google Ads,29,16.9,-10
2025-05-24,CUST-01335,Enterprise,Europe,Partner,Business,3638.03,99.0,1,0.0,Solutions Partner,76,11.7,72
2025-05-24,CUST-01355,Mid-Market,North America,Paid Social,Business,2205.37,73.7,0,0.0,LinkedIn Ads,34,23.5,36
2025-05-24,CUST-01364,SMB,Europe,Paid Social,Starter,83.11,21.8,3,0.0,Retargeting,3,28.8,-31
2025-05-24,CUST-01376,SMB,Europe,Content,Starter,169.96,50.1,3,0.0,Webinar,13,6.7,5
2025-05-24,CUST-01383,Enterprise,APAC,Paid Search,Enterprise,19728.00,10.0,52,1.0,Google Ads,94,31.0,-58
2025-05-24,CUST-01393,SMB,North America,Paid Search,Growth,694.58,45.1,5,0.0,Bing Ads,8,20.0,3
2025-05-25,CUST-01326,SMB,APAC,Organic Search,Growth,530.84,80.8,0,0.0,Blog,9,4.1,54
2025-05-25,CUST-01346,SMB,Europe,Paid Social,Starter,112.54,38.9,7,0.0,LinkedIn Ads,1,,-15
2025-05-26,CUST-01277,Mid-Market,North America,Organic Search,Growth,419.72,73.1,0,0.0,Blog,30,3.4,26
2025-05-26,CUST-01291,Enterprise,North America,Referral,Enterprise,28333.49,99.0,0,0.0,Customer Referral,93,7.6,66
2025-05-27,CUST-01279,Mid-Market,North America,Referral,Growth,719.69,82.4,1,0.0,Customer Referral,43,0.0,41
2025-05-27,CUST-01294,Mid-Market,Europe,Paid Search,Growth,548.36,45.1,4,0.0,Google Ads,35,20.0,-15
2025-05-27,CUST-01370,Mid-Market,North America,Partner,Business,4684.98,67.6,1,0.0,Reseller,61,11.5,40
2025-05-27,CUST-01375,SMB,North America,Organic Search,Growth,953.84,99.0,3,0.0,Blog,6,3.2,54
2025-05-27,CUST-01400,Enterprise,Europe,Referral,Business,1750.92,99.0,3,1.0,Founder Network,81,5.2,56
2025-05-28,CUST-01280,SMB,North America,Paid Social,Starter,84.18,26.4,5,0.0,Meta Ads,1,21.8,-30
2025-05-28,CUST-01281,Enterprise,North America,Partner,Business,4067.21,86.4,6,0.0,Reseller,103,5.6,35
2025-05-28,CUST-01312,SMB,Europe,Organic Search,Business,2002.35,78.5,3,0.0,Website SEO,14,4.0,64
2025-05-28,CUST-01328,SMB,Europe,Paid Search,Starter,185.14,67.3,4,0.0,Google Ads,11,19.1,
2025-05-28,CUST-01338,SMB,Europe,Paid Search,Starter,94.39,37.5,10,1.0,Retargeting,,12.9,-48
2025-05-28,CUST-01349,Mid-Market,North America,Referral,Growth,465.06,67.8,2,0.0,Customer Referral,32,8.7,
2025-05-28,CUST-01350,Enterprise,APAC,Partner,Enterprise,17060.86,90.4,2,0.0,Solutions Partner,119,4.5,27
2025-05-28,CUST-01369,SMB,North America,Organic Search,Starter,95.68,75.6,0,0.0,Website SEO,16,1.5,56
2025-05-29,CUST-01284,Mid-Market,APAC,Paid Search,Growth,614.40,72.0,3,1.0,Google Ads,23,24.0,41
2025-05-29,CUST-01295,Enterprise,APAC,Partner,Enterprise,11747.36,80.3,2,0.0,Reseller,123,16.2,57
2025-05-29,CUST-01299,Mid-Market,North America,Referral,Business,2950.25,71.8,6,1.0,Customer Referral,30,10.6,1
2025-05-29,CUST-01307,SMB,North America,Paid Search,Growth,290.93,60.8,5,0.0,Google Ads,5,19.8,2
2025-05-29,CUST-01332,SMB,Europe,Content,Growth,816.12,46.6,6,1.0,Webinar,11,11.0,-12
2025-05-29,CUST-01363,Mid-Market,APAC,Organic Search,Business,2783.26,88.3,5,0.0,Website SEO,29,0.0,
2025-05-29,CUST-01394,Mid-Market,North America,Paid Social,Enterprise,18728.40,71.7,4,1.0,Meta Ads,58,23.4,2
2025-05-30,CUST-01305,Enterprise,North America,Organic Search,Enterprise,25062.28,68.6,4,0.0,Blog,81,11.4,30
2025-05-30,CUST-01357,Mid-Market,North America,Referral,Growth,1240.73,80.9,0,0.0,Customer Referral,36,0.0,73
2025-05-30,CUST-01358,Enterprise,North America,Paid Social,Enterprise,8421.51,70.6,3,1.0,Meta Ads,,24.5,4
2025-05-30,CUST-01397,Enterprise,North America,Partner,Enterprise,36069.21,91.7,0,0.0,Solutions Partner,113,12.3,71
2025-05-31,CUST-01297,Mid-Market,Europe,Referral,Business,3993.38,99.0,3,0.0,Customer Referral,,8.4,81
2025-05-31,CUST-01396,Mid-Market,North America,Content,Business,3669.86,70.5,,1.0,Webinar,26,4.4,
2025-06-01,CUST-01422,Mid-Market,Europe,Organic Search,Growth,792.05,76.1,0,0.0,Blog,44,11.8,51
2025-06-01,CUST-01444,SMB,Europe,Paid Search,Business,2970.09,73.4,1,0.0,Google Ads,10,16.2,42
2025-06-01,CUST-01479,Enterprise,APAC,Paid Search,Enterprise,19148.25,55.1,4,0.0,Google Ads,124,24.1,7
2025-06-01,CUST-01513,Mid-Market,Middle East & Africa,Organic Search,Growth,395.55,83.4,6,1.0,Website SEO,35,0.6,27
2025-06-01,CUST-01535,SMB,North America,Content,Growth,845.48,76.5,1,0.0,Whitepaper,8,6.6,68
2025-06-02,CUST-01409,Mid-Market,North America,Partner,Growth,446.34,72.5,9,1.0,Solutions Partner,,16.3,18
2025-06-02,CUST-01430,SMB,APAC,Paid Search,Starter,180.12,32.0,6,1.0,Google Ads,,15.9,-59
2025-06-02,CUST-01451,Mid-Market,APAC,Content,Growth,338.92,69.6,5,0.0,Whitepaper,33,0.0,46
2025-06-03,CUST-01469,SMB,North America,Paid Social,Starter,214.10,34.3,6,1.0,LinkedIn Ads,5,24.0,-44
2025-06-03,CUST-01481,SMB,North America,Organic Search,Growth,916.56,46.0,3,0.0,Blog,11,1.8,26
2025-06-03,CUST-01518,SMB,North America,Paid Search,Starter,232.92,62.0,4,0.0,Google Ads,11,12.4,31
2025-06-03,CUST-01526,SMB,North America,Organic Search,Starter,94.17,74.4,0,0.0,Website SEO,8,0.0,38
2025-06-04,CUST-01436,Mid-Market,North America,Referral,Business,2647.15,70.2,1,0.0,Customer Referral,,0.0,65
2025-06-04,CUST-01437,Mid-Market,North America,Partner,Enterprise,17975.93,,3,0.0,Solutions Partner,59,17.8,60
2025-06-04,CUST-01440,Mid-Market,North America,Partner,Business,3877.12,83.6,1,0.0,Solutions Partner,48,6.8,60
2025-06-04,CUST-01442,Mid-Market,Europe,Paid Search,Business,1446.74,55.6,10,1.0,Google Ads,24,21.6,-39
2025-06-04,CUST-01480,SMB,APAC,Organic Search,Starter,211.00,65.9,6,1.0,Website SEO,8,1.0,-33
2025-06-05,CUST-01438,Mid-Market,Europe,Referral,Business,2790.67,76.5,2,0.0,Customer Referral,20,2.0,46
2025-06-05,CUST-01445,Mid-Market,Europe,Content,Business,2500.33,70.4,3,0.0,Newsletter,37,,28
2025-06-05,CUST-01465,Mid-Market,North America,Referral,Enterprise,13049.27,93.0,0,0.0,Founder Network,,6.6,
2025-06-05,CUST-01519,SMB,North America,Paid Search,Starter,222.42,56.9,4,0.0,Google Ads,,20.1,-11
2025-06-06,CUST-01460,SMB,North America,Paid Search,Starter,180.18,48.4,3,0.0,Google Ads,10,10.2,-13
2025-06-06,CUST-01463,SMB,Europe,Organic Search,Starter,170.74,79.3,3,0.0,Website SEO,,5.1,41
2025-06-06,CUST-01470,Enterprise,APAC,Content,Enterprise,8969.52,87.6,6,1.0,Webinar,108,10.9,30
2025-06-06,CUST-01493,SMB,Latin America,Paid Search,Growth,422.30,66.7,5,0.0,Google Ads,4,,25
2025-06-06,CUST-01505,Mid-Market,Europe,Paid Search,Growth,837.62,76.6,2,0.0,Google Ads,19,23.1,6
2025-06-06,CUST-01506,SMB,North America,Paid Search,Starter,224.24,51.8,1,0.0,Google Ads,10,17.3,
2025-06-07,CUST-01461,SMB,North America,Paid Search,Starter,92.04,53.2,,0.0,Google Ads,2,,-27
2025-06-07,CUST-01468,Mid-Market,Europe,Partner,Growth,547.55,86.7,0,0.0,Solutions Partner,49,9.9,72
2025-06-07,CUST-01490,SMB,North America,Paid Social,Starter,127.11,28.3,7,1.0,Meta Ads,2,,-76
2025-06-07,CUST-01491,Mid-Market,Europe,Organic Search,Business,3889.37,76.3,3,0.0,Website SEO,29,5.8,
2025-06-07,CUST-01494,SMB,Latin America,Paid Social,Starter,61.57,54.8,7,1.0,Meta Ads,9,23.7,
2025-06-08,CUST-01434,Enterprise,Europe,Content,Business,2739.94,82.9,2,0.0,Webinar,,11.4,69
2025-06-08,CUST-01462,Mid-Market,APAC,Content,Business,1199.79,82.4,2,0.0,Webinar,40,6.4,49
2025-06-08,CUST-01472,Mid-Market,North America,Paid Social,Business,3487.53,73.6,3,0.0,,,16.7,34
2025-06-09,CUST-01426,Mid-Market,APAC,Referral,Business,2978.67,,2,0.0,Customer Referral,34,10.4,79
2025-06-09,CUST-01450,SMB,Middle East & Africa,Paid Social,Starter,109.28,36.2,8,1.0,Meta Ads,6,24.7,-48
2025-06-09,CUST-01476,Mid-Market,North America,Partner,Growth,874.69,59.4,4,0.0,Solutions Partner,58,13.1,55
2025-06-09,CUST-01478,Mid-Market,APAC,Content,Enterprise,12233.73,92.3,0,0.0,Whitepaper,59,14.0,77
2025-06-09,CUST-01501,Enterprise,Europe,Partner,Enterprise,14214.29,72.9,2,0.0,Solutions Partner,,16.1,37
2025-06-10,CUST-01452,Mid-Market,Europe,Paid Search,Growth,818.20,27.3,7,1.0,Google Ads,18,17.5,-69
2025-06-10,CUST-01488,SMB,APAC,Paid Social,Starter,126.73,26.5,7,1.0,Meta Ads,6,26.1,-42
2025-06-10,CUST-01495,Enterprise,North America,Organic Search,Business,2950.23,85.4,2,0.0,Blog,41,2.5,54
2025-06-10,CUST-01508,SMB,Europe,Referral,Growth,738.84,81.5,1,0.0,Founder Network,12,0.0,59
2025-06-11,CUST-01405,SMB,North America,Organic Search,Starter,122.54,52.4,1,0.0,Website SEO,,4.9,14
2025-06-11,CUST-01417,SMB,Europe,Paid Social,Growth,574.38,43.4,5,1.0,LinkedIn Ads,8,26.2,-21
2025-06-11,CUST-01432,Enterprise,North America,Partner,Enterprise,17757.46,91.5,4,0.0,Reseller,114,17.4,
2025-06-11,CUST-01507,SMB,Europe,Paid Social,Starter,117.18,52.3,6,0.0,LinkedIn Ads,9,28.5,-4
2025-06-11,CUST-01514,Mid-Market,Europe,Organic Search,Enterprise,27649.64,91.4,0,0.0,Website SEO,,6.9,65
2025-06-11,CUST-01522,Enterprise,APAC,Partner,Enterprise,16494.38,79.7,6,1.0,Solutions Partner,118,15.7,10
2025-06-12,CUST-01412,Mid-Market,North America,Referral,Business,2516.34,98.3,7,1.0,Customer Referral,,10.5,35
2025-06-13,CUST-01415,Mid-Market,APAC,Referral,Growth,680.17,79.4,3,1.0,Customer Referral,38,2.4,28
2025-06-13,CUST-01424,SMB,North America,Paid Search,Starter,192.25,17.5,6,1.0,Google Ads,9,,-90
2025-06-13,CUST-01499,SMB,Europe,Organic Search,Starter,126.72,53.6,4,0.0,Website SEO,,0.0,15
2025-06-13,CUST-01499,SMB,Europe,Organic Search,Starter,126.72,53.6,4,0.0,Website SEO,,0.0,15
2025-06-13,CUST-01521,Mid-Market,APAC,Referral,Growth,373.92,68.0,2,0.0,Customer Referral,39,4.4,43
2025-06-14,CUST-01453,Enterprise,Europe,Organic Search,Enterprise,22178.17,86.3,4,0.0,Blog,107,9.0,50
2025-06-14,CUST-01477,Mid-Market,Latin America,Paid Social,Enterprise,5116.56,68.8,8,1.0,LinkedIn Ads,65,32.1,-2
2025-06-15,CUST-01466,SMB,APAC,Paid Social,Growth,328.90,32.4,3,0.0,LinkedIn Ads,,25.3,-26
2025-06-15,CUST-01484,SMB,Europe,Partner,Starter,108.11,67.6,0,0.0,Solutions Partner,14,12.2,52
2025-06-15,CUST-01497,Enterprise,North America,Organic Search,Business,1753.05,99.0,4,0.0,Blog,,6.3,84
2025-06-15,CUST-01503,SMB,North America,Content,Starter,222.51,55.7,1,0.0,Webinar,15,0.0,18
2025-06-16,CUST-01439,Enterprise,APAC,Partner,Enterprise,14010.99,79.0,0,0.0,Solutions Partner,99,18.3,46
2025-06-16,CUST-01456,SMB,APAC,Paid Search,Starter,91.00,48.9,3,0.0,Google Ads,,18.4,-15
2025-06-16,CUST-01458,Mid-Market,Europe,Organic Search,Business,4101.75,74.2,3,0.0,Website SEO,36,4.3,34
2025-06-16,CUST-01504,SMB,North America,Paid Search,Growth,770.78,61.7,5,0.0,Google Ads,2,22.5,27
2025-06-17,CUST-01408,Mid-Market,North America,Partner,Business,1890.60,76.3,0,0.0,Solutions Partner,60,19.2,68
2025-06-17,CUST-01427,Mid-Market,APAC,Referral,Business,3783.64,99.0,2,0.0,Founder Network,41,0.0,71
2025-06-17,CUST-01464,Mid-Market,North America,Paid Search,Business,3603.21,64.6,2,0.0,Retargeting,31,12.7,13
2025-06-17,CUST-01471,Mid-Market,Europe,Organic Search,Enterprise,23682.33,80.4,0,0.0,Website SEO,43,7.8,59
2025-06-17,CUST-01483,Mid-Market,North America,Partner,Growth,701.20,72.8,0,0.0,Reseller,44,0.0,49
2025-06-17,CUST-01485,Enterprise,Europe,Partner,Business,2239.67,85.7,4,0.0,Solutions Partner,106,1.9,40
2025-06-17,CUST-01510,Mid-Market,Latin America,Organic Search,Business,2869.37,81.8,1,0.0,Website SEO,25,7.3,57
2025-06-17,CUST-01515,SMB,Latin America,Organic Search,Growth,393.57,62.2,,0.0,Website SEO,15,5.0,12
2025-06-17,CUST-01532,Mid-Market,North America,Paid Search,Business,4498.76,93.0,2,0.0,Google Ads,19,11.8,53
2025-06-18,CUST-01406,SMB,North America,Organic Search,Business,2766.07,86.2,0,0.0,Website SEO,14,9.0,74
2025-06-18,CUST-01443,Mid-Market,North America,Paid Social,Business,3684.61,65.7,6,0.0,Meta Ads,34,24.9,21
2025-06-18,CUST-01446,Mid-Market,North America,Paid Search,Business,4230.28,66.4,4,0.0,Google Ads,38,10.1,11
2025-06-18,CUST-01455,Mid-Market,Europe,Organic Search,Growth,843.68,87.7,0,0.0,Website SEO,23,4.4,74
2025-06-18,CUST-01520,SMB,North America,Paid Search,Growth,385.77,44.5,3,0.0,Google Ads,1,17.7,8
2025-06-18,CUST-01523,SMB,APAC,Organic Search,Growth,626.44,72.9,0,0.0,Blog,17,11.0,68
2025-06-18,CUST-01525,Mid-Market,North America,Referral,Growth,593.35,96.2,0,0.0,Founder Network,30,0.0,80
2025-06-18,CUST-01529,Mid-Market,North America,Paid Search,Business,3894.48,88.9,2,0.0,Google Ads,35,19.6,53
2025-06-19,CUST-01467,Mid-Market,North America,Referral,Business,2832.38,90.7,5,0.0,Customer Referral,36,0.0,55
2025-06-19,CUST-01531,Mid-Market,APAC,Content,Growth,914.71,73.9,0,0.0,Webinar,39,1.8,61
2025-06-20,CUST-01421,Mid-Market,Europe,Referral,Business,2876.13,99.0,2,0.0,Customer Referral,31,3.7,
2025-06-20,CUST-01423,Mid-Market,APAC,Paid Search,Business,1050.51,62.8,3,0.0,Google Ads,,24.3,15
2025-06-20,CUST-01449,SMB,North America,Paid Search,Starter,135.35,46.2,6,1.0,Google Ads,9,18.1,-20
2025-06-20,CUST-01474,Mid-Market,North America,Organic Search,Business,3414.38,79.1,5,0.0,Website SEO,36,9.1,34
2025-06-20,CUST-01500,Mid-Market,Middle East & Africa,Referral,Growth,387.43,82.2,6,1.0,Customer Referral,22,3.7,42
2025-06-20,CUST-01527,SMB,North America,Paid Search,Growth,383.18,38.3,6,1.0,,9,17.5,-27
2025-06-21,CUST-01413,Mid-Market,North America,Paid Social,Business,2546.63,78.8,2,0.0,Retargeting,40,28.5,49
2025-06-21,CUST-01414,SMB,North America,Organic Search,Growth,710.45,53.6,3,0.0,Website SEO,17,5.0,38
2025-06-21,CUST-01425,Mid-Market,Europe,Paid Social,Business,1217.68,80.7,4,1.0,LinkedIn Ads,28,,13
2025-06-21,CUST-01454,Mid-Market,North America,Referral,Enterprise,24293.87,89.9,0,0.0,Founder Network,59,4.4,88
2025-06-21,CUST-01459,Mid-Market,North America,Paid Search,Business,4272.55,83.3,1,0.0,Google Ads,30,13.6,
2025-06-22,CUST-01429,Mid-Market,Middle East & Africa,Paid Social,Business,1378.81,60.4,2,0.0,LinkedIn Ads,34,27.9,
2025-06-22,CUST-01441,Mid-Market,North America,Paid Search,Business,2737.27,83.5,3,1.0,Google Ads,29,19.4,24
2025-06-22,CUST-01447,Enterprise,Middle East & Africa,Content,Business,3549.10,89.2,3,0.0,Webinar,73,9.7,73
2025-06-22,CUST-01448,SMB,North America,Content,Starter,155.12,78.9,0,0.0,Webinar,20,14.3,74
2025-06-22,CUST-01516,Enterprise,Middle East & Africa,Referral,Business,2888.68,77.6,0,0.0,Customer Referral,107,0.1,61
2025-06-23,CUST-01475,Mid-Market,North America,Paid Social,Growth,304.18,49.6,5,0.0,Meta Ads,28,30.9,-7
2025-06-23,CUST-01486,Enterprise,North America,Referral,Enterprise,12543.86,99.0,0,0.0,Customer Referral,,6.5,82
2025-06-23,CUST-01502,SMB,North America,Paid Social,Starter,182.89,65.9,1,0.0,LinkedIn Ads,5,16.2,
2025-06-24,CUST-01410,SMB,Europe,Paid Search,Business,1820.92,52.6,5,0.0,Google Ads,,19.3,-2
2025-06-24,CUST-01420,SMB,APAC,Referral,Business,1453.04,84.7,2,0.0,Customer Referral,15,3.2,57
2025-06-24,CUST-01457,SMB,Europe,Referral,Business,1326.22,94.7,1,0.0,Customer Referral,2,,80
2025-06-24,CUST-01524,SMB,Europe,Organic Search,Starter,117.09,56.5,2,0.0,Website SEO,13,0.0,30
2025-06-25,CUST-01416,Mid-Market,North America,Referral,Business,3041.32,86.8,0,0.0,Customer Referral,24,0.0,81
2025-06-25,CUST-01487,Enterprise,Middle East & Africa,Referral,Business,2042.12,78.9,2,0.0,Customer Referral,73,4.9,33
2025-06-25,CUST-01534,Mid-Market,North America,Organic Search,Business,4970.42,84.4,0,0.0,Website SEO,44,1.5,80
2025-06-26,CUST-01428,Mid-Market,Europe,Partner,Business,4590.04,89.4,5,0.0,Reseller,36,6.4,64
2025-06-26,CUST-01433,SMB,North America,Paid Social,Growth,647.93,46.4,10,1.0,Meta Ads,5,25.1,-65
2025-06-26,CUST-01492,SMB,APAC,Content,Growth,490.70,75.0,0,0.0,Webinar,11,8.6,55
2025-06-26,CUST-01533,SMB,APAC,Content,Business,991.74,97.0,2,0.0,Newsletter,17,,79
2025-06-27,CUST-01407,SMB,Europe,Paid Social,Starter,95.89,49.1,3,0.0,LinkedIn Ads,11,25.8,-7
2025-06-27,CUST-01418,Enterprise,North America,Paid Search,Enterprise,17222.29,73.3,5,0.0,Retargeting,168,31.2,6
2025-06-27,CUST-01419,SMB,APAC,Organic Search,Starter,213.89,70.6,2,0.0,Blog,,1.7,30
2025-06-27,CUST-01482,SMB,APAC,Paid Search,Business,1590.44,70.4,2,1.0,Google Ads,10,10.5,
2025-06-27,CUST-01509,SMB,North America,Organic Search,Starter,200.23,81.3,4,0.0,Website SEO,12,1.2,52
2025-06-27,CUST-01511,Enterprise,Europe,Paid Search,Enterprise,23640.08,71.4,,1.0,Google Ads,116,24.7,43
2025-06-28,CUST-01411,Mid-Market,APAC,Partner,Business,2446.06,99.0,6,1.0,Reseller,49,,36
2025-06-28,CUST-01431,SMB,Europe,Referral,Growth,894.59,75.0,0,0.0,Customer Referral,,4.7,55
2025-06-28,CUST-01489,SMB,North America,Referral,Growth,534.96,80.3,2,0.0,Customer Referral,15,8.8,54
2025-06-28,CUST-01498,Mid-Market,Latin America,Referral,Business,1532.78,99.0,0,0.0,Customer Referral,47,0.0,78
2025-06-28,CUST-01512,Enterprise,Europe,Partner,Business,3624.73,99.0,1,0.0,Solutions Partner,94,14.2,76
2025-06-28,CUST-01517,SMB,North America,Paid Social,Growth,656.86,67.4,1,0.0,LinkedIn Ads,,15.9,40
2025-06-29,CUST-01473,SMB,Europe,Organic Search,Business,3582.28,80.9,1,0.0,Website SEO,18,6.2,55
2025-06-29,CUST-01496,SMB,APAC,Paid Search,Starter,177.19,56.0,8,1.0,Google Ads,12,18.8,-19
2025-06-29,CUST-01530,SMB,North America,Organic Search,Growth,957.04,71.3,1,0.0,Blog,16,1.4,50
2025-06-30,CUST-01435,Enterprise,APAC,Paid Search,Enterprise,20820.01,60.5,2,0.0,Google Ads,,17.5,28
2025-06-30,CUST-01528,SMB,North America,Organic Search,Starter,124.61,68.4,2,0.0,Website SEO,6,2.0,43
2025-07-01,CUST-01594,SMB,Europe,Organic Search,Starter,250.85,78.2,4,0.0,Website SEO,9,0.4,59
2025-07-01,CUST-01601,Enterprise,Latin America,Paid Search,Enterprise,7609.67,96.9,5,0.0,Google Ads,,23.8,67
2025-07-01,CUST-01612,Mid-Market,North America,Content,Business,1540.33,95.1,0,0.0,Whitepaper,37,6.0,96
2025-07-01,CUST-01614,Mid-Market,Middle East & Africa,Paid Social,Growth,621.94,,7,1.0,LinkedIn Ads,26,20.6,-28
2025-07-01,CUST-01619,Enterprise,Latin America,Partner,Enterprise,11821.53,99.0,0,0.0,Solutions Partner,146,10.7,100
2025-07-01,CUST-01668,SMB,North America,Referral,Growth,987.80,77.9,0,0.0,Founder Network,14,,70
2025-07-02,CUST-01542,SMB,Europe,Organic Search,Starter,88.99,61.5,1,0.0,Website SEO,13,6.6,29
2025-07-02,CUST-01599,Mid-Market,APAC,Content,Business,2945.18,66.8,2,0.0,Whitepaper,33,,44
2025-07-02,CUST-01642,SMB,Europe,Paid Search,Growth,714.43,62.8,0,0.0,Google Ads,3,17.7,43
2025-07-03,CUST-01547,SMB,North America,Partner,Starter,106.08,81.2,2,0.0,Solutions Partner,25,11.8,56
2025-07-03,CUST-01548,Mid-Market,APAC,Referral,Growth,537.42,83.4,3,0.0,Customer Referral,39,6.1,55
2025-07-03,CUST-01550,SMB,APAC,Content,Growth,634.35,80.0,1,0.0,Whitepaper,13,4.7,57
2025-07-03,CUST-01563,SMB,North America,Paid Social,Growth,287.05,,11,1.0,LinkedIn Ads,3,25.0,
2025-07-04,CUST-01569,Mid-Market,Europe,Referral,Business,1967.83,87.4,,0.0,Customer Referral,39,8.2,79
2025-07-04,CUST-01584,SMB,North America,Content,Growth,952.17,58.8,0,0.0,Whitepaper,10,6.8,34
2025-07-04,CUST-01595,Enterprise,Europe,Organic Search,Business,4770.89,67.9,4,0.0,Website SEO,80,3.1,-3
2025-07-05,CUST-01565,SMB,Europe,Referral,Growth,638.66,59.4,1,0.0,Customer Referral,7,9.4,
2025-07-05,CUST-01579,Mid-Market,Latin America,Content,Business,2695.49,80.4,1,0.0,Webinar,26,9.7,
2025-07-05,CUST-01665,Enterprise,Europe,Organic Search,Enterprise,24913.28,84.1,2,0.0,Website SEO,99,13.6,47
2025-07-06,CUST-01551,SMB,Europe,Referral,Starter,186.19,55.6,3,0.0,Customer Referral,9,0.0,
2025-07-06,CUST-01605,SMB,Europe,Paid Social,Starter,77.83,39.0,8,1.0,Meta Ads,1,29.6,
2025-07-06,CUST-01632,SMB,APAC,Paid Search,Growth,683.29,41.6,6,0.0,Google Ads,6,16.7,-19
2025-07-07,CUST-01539,Mid-Market,North America,Referral,Enterprise,17765.39,83.0,2,0.0,Founder Network,75,12.8,45
2025-07-07,CUST-01613,Mid-Market,APAC,Paid Search,Business,2617.78,70.9,4,0.0,Google Ads,39,15.2,
2025-07-07,CUST-01616,SMB,North America,Paid Social,Business,3108.14,60.5,3,0.0,LinkedIn Ads,18,28.0,30
2025-07-07,CUST-01626,Enterprise,North America,Organic Search,Enterprise,37949.22,99.0,3,0.0,Website SEO,,3.6,94
2025-07-07,CUST-01652,Enterprise,Europe,Paid Search,Enterprise,17342.60,97.8,3,0.0,Google Ads,127,19.5,65
2025-07-08,CUST-01606,Enterprise,North America,Organic Search,Enterprise,34656.04,77.0,3,0.0,Website SEO,101,,54
2025-07-08,CUST-01606,Enterprise,North America,Organic Search,Enterprise,34656.04,77.0,3,0.0,Website SEO,101,,54
2025-07-08,CUST-01645,Mid-Market,North America,Paid Search,Growth,799.73,42.9,10,1.0,Google Ads,34,22.9,-48
2025-07-08,CUST-01650,SMB,North America,Partner,Starter,118.91,74.0,0,0.0,Reseller,41,11.7,47
2025-07-09,CUST-01554,Mid-Market,Europe,Paid Search,Growth,442.71,70.6,6,1.0,Retargeting,34,57.0,
2025-07-09,CUST-01627,Mid-Market,North America,Organic Search,Growth,602.20,73.8,3,0.0,Blog,22,0.0,
2025-07-10,CUST-01596,Mid-Market,North America,Referral,Growth,577.37,,0,0.0,Founder Network,35,4.0,74
2025-07-10,CUST-01603,SMB,Europe,Paid Social,Starter,173.19,39.5,6,0.0,LinkedIn Ads,8,27.7,-26
2025-07-10,CUST-01623,Mid-Market,North America,Partner,Growth,699.06,83.2,3,0.0,Solutions Partner,29,,44
2025-07-11,CUST-01549,Enterprise,North America,Partner,Business,4658.79,72.9,4,0.0,Reseller,131,4.2,47
2025-07-11,CUST-01607,SMB,Europe,Organic Search,Growth,478.14,59.5,0,0.0,Website SEO,10,0.2,33
2025-07-11,CUST-01641,SMB,APAC,Organic Search,Starter,156.94,71.0,3,0.0,Website SEO,12,0.0,75
2025-07-12,CUST-01540,Mid-Market,Middle East & Africa,Referral,Business,1854.08,94.1,4,0.0,Customer Referral,30,10.1,49
2025-07-12,CUST-01541,SMB,APAC,Organic Search,Business,1389.99,81.8,2,0.0,Marketplace,17,9.3,
2025-07-12,CUST-01586,SMB,North America,Paid Social,Growth,464.34,20.5,8,1.0,LinkedIn Ads,10,27.2,-89
2025-07-12,CUST-01621,SMB,Europe,Paid Search,Starter,155.61,54.4,4,0.0,Google Ads,7,27.9,14
2025-07-12,CUST-01631,Enterprise,North America,Paid Social,Enterprise,14041.82,65.9,4,0.0,LinkedIn Ads,64,33.0,27
2025-07-12,CUST-01634,Mid-Market,Middle East & Africa,Content,Growth,823.95,61.9,4,0.0,Newsletter,29,0.0,31
2025-07-12,CUST-01658,Mid-Market,North America,Organic Search,Business,3877.79,85.0,,0.0,Website SEO,35,0.0,43
2025-07-13,CUST-01538,SMB,North America,Paid Search,Growth,557.49,44.2,6,1.0,Google Ads,6,14.6,-23
2025-07-13,CUST-01546,SMB,Europe,Paid Search,Starter,178.56,53.8,5,0.0,Google Ads,9,16.9,-4
2025-07-13,CUST-01561,SMB,Latin America,Paid Search,Starter,136.19,47.7,0,0.0,Google Ads,4,9.1,10
2025-07-14,CUST-01662,SMB,North America,Paid Search,Growth,265.44,50.1,4,0.0,Google Ads,8,30.0,-4
2025-07-15,CUST-01556,Mid-Market,North America,Paid Social,Growth,848.36,54.7,4,0.0,LinkedIn Ads,37,27.1,-3
2025-07-15,CUST-01566,Enterprise,APAC,Paid Social,Business,2649.29,66.1,4,0.0,Meta Ads,67,24.4,19
2025-07-15,CUST-01575,Mid-Market,North America,Partner,Business,4628.10,69.3,5,1.0,Solutions Partner,80,6.5,
2025-07-15,CUST-01600,Mid-Market,APAC,Paid Social,Growth,646.36,27.0,48,1.0,Meta Ads,28,22.7,-41
2025-07-15,CUST-01629,Enterprise,Europe,Partner,Enterprise,22959.43,99.0,2,0.0,Reseller,74,19.7,96
2025-07-16,CUST-01571,SMB,APAC,Partner,Growth,678.33,65.7,3,0.0,Solutions Partner,28,8.5,32
2025-07-16,CUST-01573,Mid-Market,North America,Partner,Growth,602.29,65.0,3,0.0,Reseller,,5.8,47
2025-07-16,CUST-01590,Enterprise,APAC,Partner,Business,2201.64,57.6,5,0.0,Solutions Partner,,15.1,14
2025-07-16,CUST-01636,Mid-Market,North America,Organic Search,Business,4435.81,73.1,3,0.0,Website SEO,25,0.0,27
2025-07-16,CUST-01637,Mid-Market,APAC,Paid Social,Growth,497.79,35.9,9,1.0,LinkedIn Ads,30,22.1,-47
2025-07-16,CUST-01653,SMB,Latin America,Paid Social,Growth,504.15,44.5,8,1.0,LinkedIn Ads,8,21.7,
2025-07-16,CUST-01657,SMB,North America,Paid Social,Starter,61.73,19.6,11,1.0,LinkedIn Ads,2,32.4,-98
2025-07-16,CUST-01669,SMB,Latin America,Paid Search,Starter,88.26,59.5,0,0.0,Google Ads,10,9.8,40
2025-07-17,CUST-01536,Mid-Market,North America,Paid Search,Business,1674.25,,3,0.0,Google Ads,20,8.8,5
2025-07-17,CUST-01558,Enterprise,North America,Content,Business,4629.31,73.3,1,0.0,Webinar,61,6.6,
2025-07-17,CUST-01564,SMB,North America,Organic Search,Business,2844.53,63.6,2,0.0,Website SEO,13,,27
2025-07-17,CUST-01576,Enterprise,Europe,Organic Search,Enterprise,27473.49,81.3,0,0.0,Website SEO,130,11.8,56
2025-07-17,CUST-01588,Mid-Market,Middle East & Africa,Content,Growth,359.19,56.9,2,0.0,Newsletter,,0.0,15
2025-07-17,CUST-01615,SMB,Europe,Paid Social,Growth,554.74,57.8,8,1.0,LinkedIn Ads,3,21.3,-18
2025-07-17,CUST-01625,Mid-Market,Latin America,Referral,Business,2041.58,89.0,0,0.0,Customer Referral,30,7.3,93
2025-07-17,CUST-01651,SMB,North America,Paid Search,Starter,92.68,74.8,2,0.0,Google Ads,7,18.9,30
2025-07-17,CUST-01654,SMB,Europe,Partner,Growth,951.76,,1,0.0,Solutions Partner,27,8.7,85
2025-07-18,CUST-01545,SMB,Middle East & Africa,Paid Search,Starter,137.93,56.8,2,0.0,Google Ads,3,12.4,8
2025-07-18,CUST-01553,SMB,APAC,Partner,Starter,214.74,58.7,7,1.0,Solutions Partner,32,0.5,-16
2025-07-18,CUST-01593,Mid-Market,North America,Partner,Business,5419.57,73.0,1,0.0,Solutions Partner,48,3.2,38
2025-07-18,CUST-01644,SMB,Europe,Paid Search,Growth,259.65,49.8,5,1.0,Google Ads,4,28.1,
2025-07-19,CUST-01562,SMB,Europe,Paid Social,Starter,197.32,30.9,0,0.0,Meta Ads,2,18.4,14
2025-07-19,CUST-01567,SMB,Europe,Paid Social,Starter,191.66,35.4,7,1.0,,10,26.5,-41
2025-07-19,CUST-01624,Mid-Market,North America,Paid Social,Growth,859.16,60.1,3,0.0,LinkedIn Ads,,26.6,0
2025-07-19,CUST-01628,Mid-Market,Europe,Content,Business,4101.51,85.1,1,0.0,Webinar,24,4.1,48
2025-07-19,CUST-01635,SMB,North America,Organic Search,Growth,729.48,73.3,3,0.0,Website SEO,14,12.9,
2025-07-19,CUST-01649,Mid-Market,North America,Referral,Business,4411.93,99.0,0,0.0,Founder Network,35,10.2,91
2025-07-19,CUST-01655,Mid-Market,Latin America,Partner,Enterprise,14083.89,80.2,4,0.0,Solutions Partner,100,10.2,
2025-07-19,CUST-01659,Mid-Market,North America,Paid Search,Business,1329.07,68.9,2,0.0,Google Ads,28,22.6,16
2025-07-20,CUST-01543,SMB,North America,Content,Starter,233.51,63.0,2,0.0,Webinar,11,1.3,44
2025-07-20,CUST-01552,Mid-Market,Europe,Organic Search,Business,4062.72,99.0,1,0.0,Website SEO,40,1.6,79
2025-07-20,CUST-01609,SMB,North America,Paid Social,Business,2070.19,46.4,3,0.0,Meta Ads,15,,-2
2025-07-20,CUST-01643,Mid-Market,North America,Paid Social,Enterprise,9204.80,79.5,0,0.0,Meta Ads,59,29.7,38
2025-07-21,CUST-01592,Mid-Market,APAC,Partner,Growth,877.72,,1,0.0,Solutions Partner,42,1.1,48
2025-07-22,CUST-01537,SMB,North America,Organic Search,Growth,981.51,57.7,5,1.0,Website SEO,12,5.8,-8
2025-07-22,CUST-01568,Mid-Market,Latin America,Referral,Business,2319.89,89.3,0,0.0,Founder Network,,4.1,85
2025-07-22,CUST-01572,Mid-Market,APAC,Referral,Business,3044.48,,2,0.0,Customer Referral,18,0.0,38
2025-07-22,CUST-01578,Enterprise,Europe,Partner,Business,3970.00,82.9,0,0.0,Solutions Partner,92,7.9,54
2025-07-22,CUST-01622,Enterprise,APAC,Paid Search,Business,4108.70,68.4,4,0.0,Retargeting,92,71.3,53
2025-07-22,CUST-01663,SMB,North America,Organic Search,Starter,121.09,60.9,4,1.0,Website SEO,,,-5
2025-07-22,CUST-01667,SMB,North America,Organic Search,Growth,421.81,76.0,5,0.0,Website SEO,11,7.1,44
2025-07-23,CUST-01557,Mid-Market,North America,Content,Business,4086.46,65.9,2,0.0,Webinar,46,2.5,48
2025-07-23,CUST-01570,SMB,North America,Organic Search,Growth,867.01,92.0,1,0.0,Blog,10,5.9,86
2025-07-23,CUST-01577,Mid-Market,Europe,Paid Search,Business,2757.21,76.6,3,1.0,Retargeting,,9.4,40
2025-07-23,CUST-01620,SMB,Latin America,Paid Social,Growth,349.98,75.1,2,0.0,Retargeting,1,7.4,
2025-07-23,CUST-01647,Mid-Market,North America,Referral,Business,2615.72,83.7,4,0.0,Customer Referral,30,9.8,79
2025-07-24,CUST-01555,Enterprise,Europe,Partner,Business,4339.99,94.3,4,0.0,Solutions Partner,,10.0,74
2025-07-24,CUST-01587,SMB,North America,Organic Search,Starter,193.42,60.9,4,0.0,Website SEO,20,9.3,20
2025-07-24,CUST-01618,Mid-Market,Europe,Organic Search,Business,2624.59,78.8,1,1.0,Blog,31,1.9,46
2025-07-24,CUST-01638,SMB,North America,Organic Search,Business,1662.70,73.8,2,1.0,Website SEO,1,1.5,12
2025-07-24,CUST-01646,SMB,APAC,Paid Social,Growth,287.65,43.9,5,0.0,Meta Ads,,,-7
2025-07-25,CUST-01580,Mid-Market,Latin America,Referral,Business,2232.74,80.5,0,0.0,Customer Referral,40,0.0,58
2025-07-25,CUST-01640,Enterprise,North America,Referral,Enterprise,13830.38,89.6,1,0.0,Customer Referral,70,6.4,79
2025-07-25,CUST-01648,Mid-Market,Latin America,Partner,Growth,555.56,88.1,3,0.0,Solutions Partner,,11.1,57
2025-07-26,CUST-01559,Mid-Market,APAC,Paid Social,Growth,542.34,39.2,7,0.0,Retargeting,35,25.2,
2025-07-26,CUST-01582,Mid-Market,North America,Paid Search,Business,1608.60,68.3,0,0.0,Google Ads,39,13.9,60
2025-07-26,CUST-01598,Enterprise,North America,Paid Search,Enterprise,9917.49,77.0,7,1.0,Google Ads,113,21.7,2
2025-07-26,CUST-01611,SMB,Europe,Paid Social,Starter,167.79,,1,0.0,LinkedIn Ads,10,13.1,19
2025-07-26,CUST-01630,SMB,Europe,Paid Search,Starter,185.59,22.3,9,1.0,Google Ads,4,24.0,
2025-07-26,CUST-01656,SMB,North America,Paid Search,Growth,622.31,49.8,2,0.0,Google Ads,7,19.3,3
2025-07-26,CUST-01661,Mid-Market,North America,Referral,Business,2586.67,91.7,1,0.0,Customer Referral,28,2.1,80
2025-07-26,CUST-01664,Mid-Market,Europe,Partner,Growth,815.60,94.0,3,0.0,Reseller,48,3.9,73
2025-07-27,CUST-01581,SMB,North America,Paid Social,Starter,154.22,41.8,6,1.0,Retargeting,,18.8,-53
2025-07-27,CUST-01585,Enterprise,North America,Content,Enterprise,18377.94,88.9,5,1.0,Newsletter,99,3.2,47
2025-07-27,CUST-01602,SMB,APAC,Paid Search,Starter,83.18,52.1,6,1.0,Retargeting,2,19.7,-18
2025-07-27,CUST-01608,SMB,North America,Paid Search,Business,1931.93,88.8,3,0.0,Bing Ads,15,17.0,78
2025-07-27,CUST-01617,SMB,APAC,Content,Business,1032.19,73.6,1,0.0,Webinar,9,12.5,53
2025-07-28,CUST-01544,Mid-Market,Europe,Paid Search,Business,3447.33,74.2,2,0.0,Google Ads,39,24.7,52
2025-07-28,CUST-01597,Mid-Market,North America,Referral,Enterprise,34587.46,91.2,1,0.0,Founder Network,57,0.0,61
2025-07-28,CUST-01660,SMB,Europe,Paid Search,Starter,160.68,58.4,,0.0,Google Ads,3,24.2,-11
2025-07-28,CUST-01666,Mid-Market,APAC,Organic Search,Growth,381.04,59.0,3,0.0,Website SEO,36,7.2,7
2025-07-29,CUST-01560,Mid-Market,North America,Content,Growth,388.28,64.6,1,0.0,Webinar,33,14.3,33
2025-07-29,CUST-01604,Enterprise,Europe,Organic Search,Enterprise,19995.05,91.2,8,1.0,Website SEO,80,9.6,24
2025-07-29,CUST-01610,Mid-Market,APAC,Paid Social,Business,2302.63,57.6,5,0.0,LinkedIn Ads,33,36.9,-8
2025-07-29,CUST-01639,Mid-Market,North America,Referral,Enterprise,12965.31,99.0,6,0.0,Customer Referral,54,14.6,63
2025-07-30,CUST-01574,SMB,North America,Paid Search,Starter,104.33,34.3,3,1.0,Google Ads,4,17.4,-28
2025-07-30,CUST-01583,Enterprise,Europe,Paid Social,Business,3942.18,63.7,,0.0,Retargeting,78,16.3,8
2025-07-30,CUST-01589,SMB,North America,Content,Growth,760.04,83.4,4,0.0,Webinar,15,1.6,35
2025-07-30,CUST-01633,SMB,Europe,Paid Social,Growth,596.53,45.0,9,1.0,Meta Ads,,19.4,-63
2025-07-31,CUST-01591,SMB,APAC,Partner,Starter,125.30,67.2,3,0.0,Reseller,43,0.0,31
2025-08-01,CUST-01727,SMB,Europe,Organic Search,Starter,200.08,68.5,1,0.0,Website SEO,,2.8,58
2025-08-01,CUST-01765,Enterprise,North America,Paid Search,Enterprise,22784.93,57.5,7,0.0,Google Ads,103,26.6,-10
2025-08-02,CUST-01732,SMB,North America,Organic Search,Growth,587.16,85.3,1,0.0,Website SEO,14,8.8,46
2025-08-02,CUST-01739,SMB,North America,Paid Search,Business,1298.53,58.7,7,1.0,Google Ads,5,14.4,-11
2025-08-02,CUST-01762,Mid-Market,North America,Organic Search,Growth,647.37,66.8,0,0.0,Website SEO,34,8.5,61
2025-08-02,CUST-01771,Mid-Market,North America,Paid Social,Growth,509.16,75.4,1,0.0,LinkedIn Ads,26,16.1,52
2025-08-02,CUST-01788,SMB,Middle East & Africa,Organic Search,Starter,68.24,71.5,1,1.0,Website SEO,8,,36
2025-08-03,CUST-01686,Enterprise,North America,Organic Search,Business,3840.92,79.0,2,0.0,Marketplace,74,12.4,54
2025-08-03,CUST-01710,Mid-Market,APAC,Content,Growth,564.06,85.0,5,1.0,Whitepaper,36,0.0,
2025-08-03,CUST-01719,SMB,Europe,Organic Search,Business,3436.51,71.1,2,0.0,Website SEO,15,8.0,32
2025-08-03,CUST-01794,SMB,APAC,Paid Search,Starter,97.48,42.3,2,0.0,Retargeting,7,22.7,-18
2025-08-04,CUST-01683,Mid-Market,North America,Paid Search,Business,1655.86,73.3,2,0.0,Google Ads,26,21.1,43
2025-08-04,CUST-01755,Mid-Market,North America,Paid Search,Business,3053.08,60.8,5,0.0,Google Ads,36,20.6,9
2025-08-04,CUST-01761,Enterprise,Europe,Partner,Enterprise,28726.72,91.8,2,0.0,Reseller,121,8.9,
2025-08-04,CUST-01772,Enterprise,Europe,Referral,Enterprise,27839.29,99.0,3,0.0,Customer Referral,114,7.4,84
2025-08-05,CUST-01708,Enterprise,North America,Referral,Business,3832.88,95.3,2,0.0,Customer Referral,73,0.0,72
2025-08-05,CUST-01713,SMB,APAC,Paid Search,Growth,472.06,52.9,5,1.0,Bing Ads,4,24.6,-21
2025-08-05,CUST-01724,Mid-Market,Latin America,Organic Search,Growth,702.54,70.8,0,0.0,Website SEO,,1.4,59
2025-08-05,CUST-01725,SMB,Europe,Referral,Starter,209.90,65.2,4,0.0,Customer Referral,4,5.5,25
2025-08-05,CUST-01770,Mid-Market,Latin America,Referral,Enterprise,8009.29,88.8,3,0.0,Customer Referral,43,21.0,54
2025-08-05,CUST-01786,Enterprise,Latin America,Paid Search,Enterprise,20210.93,95.7,1,0.0,Google Ads,102,18.2,83
2025-08-06,CUST-01679,SMB,APAC,Organic Search,Growth,372.73,79.2,0,0.0,Website SEO,16,6.0,74
2025-08-06,CUST-01703,Mid-Market,APAC,Organic Search,Business,2976.82,78.6,3,0.0,Website SEO,34,0.0,34
2025-08-06,CUST-01720,SMB,APAC,Paid Search,Growth,644.61,73.1,2,0.0,Bing Ads,6,18.0,42
2025-08-06,CUST-01746,SMB,North America,Paid Search,Growth,705.99,62.4,4,0.0,Google Ads,10,16.9,27
2025-08-06,CUST-01749,Mid-Market,North America,Organic Search,Business,1581.85,83.0,0,0.0,Website SEO,46,6.0,72
2025-08-06,CUST-01768,SMB,North America,Referral,Growth,436.65,88.5,3,0.0,Customer Referral,15,0.0,80
2025-08-06,CUST-01779,Enterprise,Middle East & Africa,Organic Search,Enterprise,10555.85,79.3,,0.0,Website SEO,95,15.6,45
2025-08-07,CUST-01704,SMB,North America,Paid Social,Starter,165.47,50.1,8,1.0,LinkedIn Ads,10,17.3,
2025-08-07,CUST-01753,Mid-Market,Europe,Paid Search,Enterprise,7813.86,65.9,3,0.0,Google Ads,67,18.7,12
2025-08-08,CUST-01677,SMB,Europe,Paid Social,Growth,674.96,41.9,9,1.0,Meta Ads,1,24.7,-58
2025-08-08,CUST-01678,SMB,North America,Paid Search,Starter,183.79,49.1,1,0.0,Google Ads,16,19.2,21
2025-08-08,CUST-01722,Mid-Market,Europe,Paid Social,Enterprise,18997.26,80.6,4,0.0,Meta Ads,29,32.0,
2025-08-09,CUST-01715,SMB,North America,Paid Search,Growth,772.65,49.4,5,0.0,Google Ads,1,16.7,9
2025-08-09,CUST-01718,SMB,Middle East & Africa,Paid Social,Starter,106.84,31.0,7,1.0,LinkedIn Ads,9,28.5,-75
2025-08-10,CUST-01673,SMB,North America,Paid Search,Business,1790.42,53.2,5,0.0,Google Ads,17,22.5,19
2025-08-10,CUST-01691,Enterprise,APAC,Organic Search,Business,2747.99,74.2,0,0.0,Website SEO,95,1.4,
2025-08-10,CUST-01697,SMB,North America,Organic Search,Growth,805.15,53.8,5,1.0,Website SEO,11,2.9,-16
2025-08-10,CUST-01733,Enterprise,North America,Organic Search,Business,5352.58,98.6,1,0.0,Blog,84,4.8,62
2025-08-10,CUST-01745,Mid-Market,North America,Paid Search,Enterprise,21511.77,76.6,0,0.0,Google Ads,42,21.2,42
2025-08-10,CUST-01751,SMB,North America,Content,Growth,839.56,61.2,3,0.0,Newsletter,11,2.2,
2025-08-10,CUST-01793,SMB,APAC,Organic Search,Starter,108.38,84.3,1,0.0,Website SEO,14,0.0,59
2025-08-10,CUST-01798,Enterprise,North America,Paid Search,Enterprise,13326.35,66.6,2,0.0,Google Ads,123,23.2,12
2025-08-10,CUST-01800,Mid-Market,APAC,Paid Social,Business,1422.50,32.6,7,1.0,Meta Ads,32,19.1,-45
2025-08-11,CUST-01670,Mid-Market,APAC,Content,Enterprise,12402.32,77.3,1,0.0,Newsletter,51,9.2,41
2025-08-11,CUST-01682,SMB,Europe,Referral,Growth,780.34,90.8,1,0.0,Customer Referral,12,1.4,72
2025-08-11,CUST-01695,SMB,APAC,Paid Search,Starter,138.18,46.2,2,0.0,Retargeting,,8.8,-15
2025-08-11,CUST-01736,SMB,North America,Referral,Starter,207.94,59.0,10,1.0,Customer Referral,13,1.4,-22
2025-08-11,CUST-01756,Enterprise,APAC,Content,Enterprise,16617.18,99.0,6,1.0,Whitepaper,90,,58
2025-08-11,CUST-01781,Mid-Market,Europe,Paid Social,Business,1195.11,61.2,5,1.0,LinkedIn Ads,23,20.0,-9
2025-08-11,CUST-01784,Enterprise,Europe,Partner,Enterprise,19962.71,92.4,3,0.0,Reseller,122,16.5,55
2025-08-11,CUST-01785,Mid-Market,Europe,Referral,Growth,515.75,86.9,2,0.0,Customer Referral,31,3.6,80
2025-08-12,CUST-01675,Enterprise,North America,Referral,Enterprise,14176.00,67.4,3,0.0,Customer Referral,91,17.5,35
2025-08-12,CUST-01776,Mid-Market,North America,Paid Search,Business,1886.77,56.6,1,0.0,Google Ads,35,15.2,39
2025-08-13,CUST-01680,SMB,Middle East & Africa,Paid Social,Starter,113.18,73.0,2,0.0,Meta Ads,11,16.8,
2025-08-13,CUST-01737,SMB,Europe,Paid Social,Starter,144.50,56.5,6,1.0,,1,24.2,
2025-08-13,CUST-01766,Mid-Market,North America,Content,Growth,784.28,84.0,1,0.0,Newsletter,,9.0,43
2025-08-14,CUST-01700,SMB,Europe,Referral,Starter,114.57,81.5,1,0.0,Customer Referral,,5.1,40
2025-08-14,CUST-01742,SMB,North America,Paid Social,Growth,385.66,66.7,5,1.0,LinkedIn Ads,,30.3,11
2025-08-14,CUST-01754,Enterprise,Europe,Organic Search,Enterprise,8429.56,88.6,,0.0,Blog,99,17.8,63
2025-08-15,CUST-01692,SMB,Europe,Content,Growth,398.34,63.1,4,1.0,Webinar,3,14.6,16
2025-08-15,CUST-01744,SMB,North America,Paid Search,Starter,78.52,52.8,4,0.0,Google Ads,4,18.4,25
2025-08-15,CUST-01759,SMB,APAC,Paid Search,Starter,96.14,36.2,10,1.0,Google Ads,8,28.2,-75
2025-08-15,CUST-01780,Mid-Market,North America,Paid Social,Growth,440.30,55.8,5,0.0,LinkedIn Ads,25,20.4,2
2025-08-15,CUST-01806,Mid-Market,North America,Referral,Business,3076.91,56.8,1,0.0,Customer Referral,36,3.5,40
2025-08-16,CUST-01681,Mid-Market,North America,Partner,Business,3770.00,78.9,2,0.0,Reseller,,,60
2025-08-16,CUST-01699,Enterprise,Europe,Referral,Business,4221.34,95.3,4,0.0,Customer Referral,83,2.0,72
2025-08-16,CUST-01709,Mid-Market,APAC,Organic Search,Growth,507.21,84.7,2,0.0,Website SEO,44,7.7,61
2025-08-16,CUST-01712,Enterprise,North America,Partner,Business,3579.09,68.9,4,0.0,Solutions Partner,125,3.3,48
2025-08-16,CUST-01728,SMB,Europe,Paid Social,Starter,93.18,39.8,6,0.0,Meta Ads,9,28.2,-22
2025-08-16,CUST-01729,SMB,North America,Referral,Growth,714.76,79.9,2,0.0,Customer Referral,19,2.0,60
2025-08-16,CUST-01747,Mid-Market,Middle East & Africa,Content,Business,2587.15,71.9,4,0.0,Webinar,44,3.8,35
2025-08-17,CUST-01687,SMB,North America,Organic Search,Starter,138.14,50.9,5,1.0,Website SEO,16,0.0,-21
2025-08-17,CUST-01694,Mid-Market,Europe,Content,Business,2240.69,89.4,0,0.0,Webinar,49,1.5,58
2025-08-17,CUST-01731,Mid-Market,Europe,Content,Growth,507.24,87.7,0,0.0,Webinar,,8.8,94
2025-08-17,CUST-01741,SMB,Europe,Partner,Starter,137.03,71.4,1,0.0,Reseller,31,8.6,68
2025-08-17,CUST-01760,Enterprise,Middle East & Africa,Referral,Enterprise,24915.29,99.0,5,0.0,Customer Referral,121,3.9,61
2025-08-17,CUST-01799,Mid-Market,APAC,Partner,Growth,732.47,,0,0.0,Solutions Partner,47,4.4,53
2025-08-18,CUST-01676,Enterprise,North America,Partner,Business,4834.37,69.5,4,1.0,Solutions Partner,80,9.9,
2025-08-18,CUST-01693,Mid-Market,North America,Organic Search,Business,3679.68,67.4,2,0.0,Website SEO,42,,46
2025-08-18,CUST-01743,Mid-Market,North America,Referral,Business,2293.56,70.0,2,0.0,Founder Network,,0.2,28
2025-08-18,CUST-01748,Mid-Market,North America,Partner,Growth,1220.23,89.1,1,0.0,Reseller,38,7.0,93
2025-08-18,CUST-01774,SMB,Europe,Paid Social,Growth,333.17,47.5,9,1.0,LinkedIn Ads,4,22.2,-45
2025-08-18,CUST-01803,Mid-Market,Latin America,Paid Search,Business,2648.35,33.2,6,0.0,Google Ads,40,15.4,-30
2025-08-19,CUST-01685,Mid-Market,Europe,Organic Search,Growth,894.93,57.3,1,0.0,Blog,26,0.0,29
2025-08-19,CUST-01716,SMB,North America,Organic Search,Growth,432.17,67.2,3,0.0,Website SEO,13,1.7,27
2025-08-19,CUST-01738,Mid-Market,APAC,Organic Search,Business,3077.85,99.0,4,0.0,Blog,30,0.0,
2025-08-19,CUST-01740,SMB,APAC,Content,Starter,148.41,43.0,5,1.0,Webinar,10,0.0,-30
2025-08-19,CUST-01763,Mid-Market,North America,Paid Social,Business,2460.89,50.2,3,0.0,Meta Ads,38,20.4,11
2025-08-19,CUST-01789,Mid-Market,North America,Organic Search,Business,3444.41,61.7,1,0.0,Website SEO,37,5.0,31
2025-08-20,CUST-01672,SMB,Europe,Content,Starter,205.12,69.3,2,0.0,Newsletter,13,18.6,19
2025-08-20,CUST-01684,SMB,North America,Referral,Starter,178.41,72.2,,0.0,Customer Referral,12,0.0,43
2025-08-20,CUST-01698,Enterprise,North America,Organic Search,Enterprise,37257.65,97.7,3,0.0,Website SEO,95,1.9,
2025-08-20,CUST-01706,SMB,Europe,Organic Search,Growth,501.83,63.5,2,0.0,Website SEO,17,3.0,41
2025-08-20,CUST-01714,SMB,North America,Organic Search,Starter,211.47,57.6,4,0.0,Website SEO,13,0.0,25
2025-08-20,CUST-01769,Enterprise,APAC,Partner,Enterprise,14440.54,63.6,2,0.0,Solutions Partner,72,19.0,31
2025-08-21,CUST-01721,Mid-Market,Latin America,Referral,Business,2378.50,,0,0.0,Customer Referral,,0.5,49
2025-08-21,CUST-01775,SMB,North America,Paid Search,Starter,136.72,37.1,5,0.0,Bing Ads,11,17.6,-21
2025-08-21,CUST-01796,SMB,Europe,Paid Search,Growth,597.85,43.0,4,0.0,Retargeting,14,21.6,-30
2025-08-22,CUST-01757,SMB,North America,Paid Search,Starter,128.23,53.5,8,1.0,Google Ads,10,10.9,-27
2025-08-22,CUST-01773,SMB,APAC,Paid Search,Business,1729.66,48.2,11,1.0,Bing Ads,17,15.5,
2025-08-23,CUST-01690,SMB,Latin America,Organic Search,Starter,179.07,46.5,2,0.0,Website SEO,7,1.8,-10
2025-08-23,CUST-01707,Enterprise,Europe,Referral,Enterprise,32883.81,81.2,4,0.0,Customer Referral,90,7.1,58
2025-08-23,CUST-01717,Mid-Market,Europe,Paid Search,Growth,434.85,53.0,1,0.0,Google Ads,28,8.9,19
2025-08-23,CUST-01764,SMB,North America,Partner,Growth,861.03,69.4,1,0.0,Solutions Partner,37,10.6,
2025-08-23,CUST-01782,SMB,North America,Paid Social,Growth,517.96,33.7,12,1.0,Meta Ads,7,24.9,-79
2025-08-23,CUST-01801,SMB,Europe,Paid Search,Business,2096.44,,3,0.0,Bing Ads,9,26.2,30
2025-08-23,CUST-01805,SMB,Europe,Paid Search,Business,1092.31,44.6,3,0.0,Google Ads,7,26.6,-8
2025-08-24,CUST-01723,Mid-Market,North America,Paid Search,Enterprise,14015.41,64.1,,0.0,Google Ads,31,30.7,
2025-08-24,CUST-01726,Enterprise,North America,Paid Social,Enterprise,10315.93,78.3,4,0.0,LinkedIn Ads,79,63.2,8
2025-08-24,CUST-01735,SMB,Latin America,Paid Search,Growth,292.78,50.4,3,0.0,,,17.2,4
2025-08-24,CUST-01790,SMB,Middle East & Africa,Paid Social,Growth,404.66,56.1,5,0.0,LinkedIn Ads,10,23.2,17
2025-08-24,CUST-01802,SMB,APAC,Organic Search,Business,1299.28,69.4,3,0.0,Website SEO,11,1.9,41
2025-08-24,CUST-01802,SMB,APAC,Organic Search,Business,1299.28,69.4,3,0.0,Website SEO,11,1.9,41
2025-08-25,CUST-01674,SMB,North America,Referral,Growth,536.05,60.0,1,0.0,Customer Referral,11,0.0,37
2025-08-25,CUST-01783,Mid-Market,APAC,Organic Search,Growth,853.65,47.4,4,0.0,Website SEO,,6.3,-8
2025-08-26,CUST-01671,SMB,North America,Content,Growth,516.44,61.3,2,0.0,Webinar,12,2.9,19
2025-08-26,CUST-01701,Mid-Market,Europe,Organic Search,Growth,521.81,46.5,3,0.0,Website SEO,27,2.1,
2025-08-26,CUST-01702,Mid-Market,Middle East & Africa,Partner,Enterprise,8096.74,74.1,,0.0,Solutions Partner,93,16.8,46
2025-08-26,CUST-01750,Mid-Market,North America,Organic Search,Enterprise,25225.38,89.9,0,0.0,Blog,49,7.9,89
2025-08-27,CUST-01688,Mid-Market,North America,Paid Search,Business,3454.23,65.7,3,0.0,Google Ads,38,31.7,30
2025-08-27,CUST-01734,Mid-Market,APAC,Organic Search,Enterprise,7138.49,90.1,1,0.0,Website SEO,70,7.1,
2025-08-27,CUST-01758,Mid-Market,Latin America,Paid Search,Enterprise,14552.12,52.1,3,0.0,Retargeting,49,22.8,-7
2025-08-27,CUST-01795,SMB,Middle East & Africa,Referral,Business,1998.27,75.9,0,0.0,Customer Referral,14,4.4,56
2025-08-28,CUST-01689,Mid-Market,Europe,Paid Search,Enterprise,18119.88,84.3,1,0.0,Google Ads,50,22.4,46
2025-08-28,CUST-01730,Mid-Market,North America,Referral,Growth,449.36,85.0,5,1.0,Founder Network,34,3.9,45
2025-08-28,CUST-01752,SMB,North America,Paid Search,Growth,501.68,32.4,4,0.0,Google Ads,4,29.9,-9
2025-08-28,CUST-01767,SMB,Europe,Organic Search,Business,1898.43,60.0,3,0.0,Website SEO,10,6.1,34
2025-08-29,CUST-01696,Enterprise,North America,Partner,Business,5709.50,69.7,0,0.0,Solutions Partner,129,2.6,75
2025-08-29,CUST-01787,Enterprise,Latin America,Partner,Enterprise,16036.89,99.0,2,0.0,Solutions Partner,168,19.6,80
2025-08-30,CUST-01777,Enterprise,North America,Referral,Enterprise,15598.18,99.0,5,1.0,Customer Referral,110,5.5,45
2025-08-30,CUST-01778,SMB,Latin America,Organic Search,Starter,63.83,60.4,0,0.0,Website SEO,7,5.3,22
2025-08-30,CUST-01791,SMB,APAC,Partner,Business,3560.13,69.5,1,0.0,Solutions Partner,34,0.0,48
2025-08-30,CUST-01792,Enterprise,North America,Partner,Enterprise,19219.27,81.8,1,0.0,Reseller,86,21.2,57
2025-08-31,CUST-01705,SMB,North America,Content,Starter,200.31,42.4,3,0.0,Webinar,12,9.7,-9
2025-08-31,CUST-01711,SMB,North America,Partner,Starter,277.22,52.0,3,0.0,Solutions Partner,29,9.4,
2025-08-31,CUST-01797,SMB,North America,Organic Search,Growth,808.59,57.7,7,1.0,Website SEO,15,6.6,-30
2025-08-31,CUST-01804,Mid-Market,Europe,Partner,Growth,426.67,76.5,3,0.0,Reseller,47,4.7,47
2025-09-01,CUST-01816,SMB,APAC,Organic Search,Starter,204.08,83.9,4,1.0,Website SEO,9,2.3,8
2025-09-01,CUST-01820,SMB,North America,Organic Search,Starter,257.40,36.9,11,1.0,Website SEO,11,3.2,-66
2025-09-01,CUST-01858,SMB,North America,Paid Search,Growth,409.27,33.5,12,1.0,Google Ads,4,13.0,-62
2025-09-01,CUST-01879,SMB,APAC,Organic Search,Starter,88.32,72.3,,0.0,Website SEO,12,1.8,44
2025-09-01,CUST-01937,Mid-Market,APAC,Organic Search,Enterprise,17182.36,74.5,2,0.0,Website SEO,46,9.7,43
2025-09-02,CUST-01810,SMB,Europe,Paid Search,Starter,185.19,54.7,7,1.0,Bing Ads,11,19.8,
2025-09-02,CUST-01812,Mid-Market,North America,Partner,Enterprise,19573.57,86.1,0,0.0,Solutions Partner,71,11.0,59
2025-09-02,CUST-01819,SMB,Europe,Organic Search,Growth,337.29,65.6,1,0.0,Website SEO,10,8.5,46
2025-09-02,CUST-01829,Enterprise,North America,Paid Social,Enterprise,22374.31,77.3,5,0.0,Meta Ads,109,31.7,40
2025-09-02,CUST-01833,SMB,Latin America,Organic Search,Growth,650.66,66.3,0,0.0,Website SEO,14,2.8,
2025-09-02,CUST-01878,SMB,North America,Organic Search,Starter,256.65,55.3,4,0.0,Blog,,4.9,
2025-09-02,CUST-01903,SMB,Middle East & Africa,Paid Search,Growth,671.31,62.2,7,1.0,Google Ads,5,8.5,-15
2025-09-02,CUST-01917,Enterprise,APAC,Paid Search,Enterprise,19734.67,76.7,3,0.0,Google Ads,80,31.1,
2025-09-02,CUST-01930,Mid-Market,North America,Paid Search,Business,2533.60,65.1,9,1.0,Google Ads,35,24.6,-7
2025-09-03,CUST-01846,Enterprise,North America,Paid Social,Enterprise,22323.08,72.0,2,1.0,LinkedIn Ads,102,25.4,47
2025-09-03,CUST-01864,Mid-Market,Europe,Paid Social,Business,3667.57,62.2,3,0.0,Meta Ads,29,23.7,14
2025-09-03,CUST-01866,Enterprise,Latin America,Partner,Business,2545.18,74.7,2,0.0,Solutions Partner,126,2.0,36
2025-09-03,CUST-01891,SMB,Europe,Paid Social,Growth,355.55,38.9,3,0.0,LinkedIn Ads,4,21.4,6
2025-09-04,CUST-01835,Mid-Market,North America,Organic Search,Enterprise,79806.29,83.0,3,0.0,Website SEO,77,31.6,57
2025-09-04,CUST-01844,SMB,North America,Referral,Growth,685.90,67.3,4,0.0,Customer Referral,17,5.8,22
2025-09-04,CUST-01863,Enterprise,APAC,Partner,Enterprise,11903.75,65.3,2,0.0,Solutions Partner,195,17.1,22
2025-09-04,CUST-01895,SMB,North America,Paid Social,Starter,126.91,28.4,6,1.0,Retargeting,5,24.5,
2025-09-04,CUST-01907,Enterprise,North America,Partner,Enterprise,17956.68,84.7,4,0.0,Reseller,123,21.8,46
2025-09-04,CUST-01919,Mid-Market,APAC,Partner,Business,2030.54,84.3,,0.0,Solutions Partner,40,13.2,64
2025-09-04,CUST-01928,Enterprise,North America,Partner,Enterprise,32540.42,97.9,2,0.0,Solutions Partner,123,17.1,69
2025-09-04,CUST-01939,SMB,North America,Paid Social,Growth,479.83,48.9,9,1.0,Meta Ads,3,22.0,-35
2025-09-05,CUST-01837,SMB,Europe,Paid Search,Starter,104.53,42.7,,1.0,Google Ads,10,13.6,-46
2025-09-05,CUST-01850,Enterprise,North America,Organic Search,Enterprise,11050.91,85.8,2,0.0,Blog,123,6.7,56
2025-09-05,CUST-01914,SMB,Europe,Paid Search,Starter,89.33,73.7,1,0.0,Google Ads,12,14.1,36
2025-09-05,CUST-01950,Enterprise,APAC,Organic Search,Business,3321.22,86.1,0,0.0,Blog,85,0.9,82
2025-09-06,CUST-01851,Mid-Market,North America,Paid Search,Growth,373.71,50.6,4,0.0,Bing Ads,32,16.2,1
2025-09-06,CUST-01921,SMB,North America,Organic Search,Starter,136.01,78.1,6,1.0,Website SEO,17,0.0,4
2025-09-07,CUST-01811,SMB,North America,Organic Search,Growth,564.31,64.6,2,0.0,Website SEO,13,2.2,33
2025-09-07,CUST-01826,SMB,APAC,Paid Social,Business,2403.17,44.4,4,0.0,,14,22.8,-24
2025-09-07,CUST-01836,Enterprise,Europe,Paid Search,Enterprise,13402.17,67.2,4,0.0,Google Ads,93,60.3,22
2025-09-07,CUST-01845,SMB,North America,Paid Search,Business,1224.90,54.0,4,0.0,Google Ads,12,17.2,12
2025-09-07,CUST-01862,SMB,North America,Paid Social,Starter,203.49,40.6,5,0.0,Meta Ads,5,24.4,-24
2025-09-07,CUST-01871,SMB,North America,Paid Social,Growth,778.81,48.3,5,0.0,LinkedIn Ads,4,,-2
2025-09-07,CUST-01924,SMB,North America,Paid Search,Starter,79.56,43.6,4,1.0,Retargeting,9,15.5,-34
2025-09-08,CUST-01822,Mid-Market,North America,Partner,Growth,738.68,80.3,2,0.0,Solutions Partner,47,3.9,
2025-09-08,CUST-01827,Enterprise,North America,Partner,Enterprise,21958.67,99.0,4,0.0,Solutions Partner,76,8.9,91
2025-09-08,CUST-01922,SMB,Latin America,Paid Search,Growth,512.66,47.6,4,0.0,Google Ads,9,11.2,-4
2025-09-08,CUST-01927,Mid-Market,North America,Partner,Growth,1350.67,89.3,3,0.0,Solutions Partner,49,4.1,
2025-09-09,CUST-01823,Enterprise,North America,Referral,Enterprise,10652.52,85.4,2,0.0,Customer Referral,106,14.8,63
2025-09-09,CUST-01840,SMB,APAC,Paid Social,Starter,97.54,43.9,4,0.0,LinkedIn Ads,13,32.3,6
2025-09-09,CUST-01868,SMB,Latin America,Organic Search,Growth,371.85,81.6,3,0.0,Website SEO,13,9.3,55
2025-09-09,CUST-01949,Enterprise,Europe,Partner,Enterprise,34095.14,96.0,2,0.0,Reseller,97,6.2,67
2025-09-10,CUST-01838,SMB,Europe,Referral,Growth,345.25,62.6,5,1.0,Customer Referral,17,1.3,7
2025-09-10,CUST-01859,SMB,North America,Paid Search,Business,1416.40,59.5,1,0.0,Google Ads,,21.0,-1
2025-09-10,CUST-01893,Mid-Market,North America,Organic Search,Business,2803.93,86.1,0,0.0,Website SEO,32,2.3,
2025-09-10,CUST-01913,Enterprise,North America,Organic Search,Business,4789.41,90.3,2,0.0,Website SEO,73,3.2,80
2025-09-10,CUST-01934,Enterprise,Europe,Referral,Enterprise,15985.42,92.6,5,0.0,Customer Referral,,13.3,
2025-09-10,CUST-01946,Mid-Market,APAC,Referral,Business,3845.42,88.3,5,0.0,Customer Referral,39,0.0,46
2025-09-10,CUST-01951,SMB,Europe,Content,Growth,891.58,55.0,5,0.0,Whitepaper,19,4.6,5
2025-09-11,CUST-01860,SMB,North America,Referral,Growth,1065.98,73.1,1,0.0,Founder Network,14,0.0,57
2025-09-11,CUST-01890,SMB,North America,Paid Social,Business,2641.23,49.0,6,1.0,Meta Ads,5,29.8,-31
2025-09-11,CUST-01902,Enterprise,Europe,Organic Search,Enterprise,24082.58,84.9,2,0.0,Blog,84,8.7,61
2025-09-11,CUST-01953,Enterprise,Europe,Organic Search,Enterprise,9796.85,80.9,1,0.0,Website SEO,117,11.3,
2025-09-12,CUST-01856,Mid-Market,APAC,Paid Search,Growth,421.12,76.3,5,1.0,Google Ads,29,13.9,2
2025-09-12,CUST-01865,Mid-Market,North America,Referral,Business,4149.62,69.5,3,0.0,Customer Referral,28,1.7,31
2025-09-12,CUST-01886,SMB,Latin America,Paid Social,Starter,102.85,22.7,33,1.0,LinkedIn Ads,1,14.4,-39
2025-09-12,CUST-01932,SMB,North America,Referral,Starter,208.66,68.2,1,0.0,Customer Referral,5,0.0,37
2025-09-12,CUST-01932,SMB,North America,Referral,Starter,208.66,68.2,1,0.0,Customer Referral,5,0.0,37
2025-09-13,CUST-01875,Mid-Market,APAC,Paid Social,Growth,764.07,56.4,5,1.0,Retargeting,32,14.8,-44
2025-09-13,CUST-01881,Enterprise,North America,Referral,Enterprise,12868.66,91.4,1,0.0,Customer Referral,94,0.0,66
2025-09-13,CUST-01898,SMB,APAC,Organic Search,Growth,452.05,60.8,1,0.0,Website SEO,13,1.8,32
2025-09-13,CUST-01901,Enterprise,Europe,Paid Social,Enterprise,22130.49,48.7,8,1.0,,104,39.3,-40
2025-09-13,CUST-01909,SMB,North America,Organic Search,Growth,770.45,68.9,3,0.0,Marketplace,16,12.8,20
2025-09-13,CUST-01945,SMB,North America,Paid Search,Starter,97.99,43.7,4,0.0,Google Ads,4,19.9,-17
2025-09-14,CUST-01825,Mid-Market,North America,Paid Search,Growth,710.73,44.3,2,0.0,Google Ads,34,16.5,-3
2025-09-14,CUST-01832,Mid-Market,North America,Paid Search,Business,2914.22,60.1,7,1.0,Google Ads,,16.5,-18
2025-09-14,CUST-01855,Mid-Market,North America,Referral,Business,4419.58,,3,0.0,Customer Referral,35,4.4,
2025-09-14,CUST-01873,Enterprise,North America,Referral,Enterprise,19267.29,92.8,4,0.0,Customer Referral,102,0.0,84
2025-09-14,CUST-01880,Mid-Market,Latin America,Referral,Business,1144.32,88.5,3,0.0,Customer Referral,,4.0,36
2025-09-14,CUST-01905,Mid-Market,North America,Paid Search,Enterprise,25353.83,63.4,4,0.0,Google Ads,,64.6,28
2025-09-15,CUST-01841,SMB,Latin America,Paid Search,Starter,73.55,59.9,4,0.0,Google Ads,,19.0,10
2025-09-15,CUST-01854,SMB,APAC,Paid Social,Growth,470.41,34.4,4,0.0,LinkedIn Ads,1,16.8,-12
2025-09-15,CUST-01933,SMB,Europe,Referral,Starter,207.89,61.6,4,1.0,Customer Referral,10,0.0,-23
2025-09-16,CUST-01814,Mid-Market,North America,Organic Search,Enterprise,12024.65,80.2,3,0.0,Website SEO,51,5.6,42
2025-09-16,CUST-01918,SMB,APAC,Referral,Starter,85.71,53.1,0,0.0,Founder Network,6,,22
2025-09-16,CUST-01926,SMB,North America,Paid Search,Growth,776.79,44.0,5,0.0,Google Ads,11,14.9,-18
2025-09-17,CUST-01815,Mid-Market,North America,Paid Search,Growth,418.65,62.9,3,1.0,Google Ads,28,,
2025-09-17,CUST-01848,SMB,North America,Organic Search,Growth,618.79,72.7,0,0.0,Website SEO,13,2.9,54
2025-09-17,CUST-01867,Mid-Market,APAC,Organic Search,Growth,894.03,99.0,0,0.0,Blog,46,4.3,92
2025-09-17,CUST-01887,Enterprise,APAC,Referral,Enterprise,17869.19,88.6,0,0.0,Customer Referral,124,0.0,73
2025-09-17,CUST-01892,SMB,Europe,Paid Social,Growth,795.33,36.2,10,1.0,Meta Ads,5,20.7,-53
2025-09-18,CUST-01831,SMB,North America,Paid Social,Growth,572.34,64.8,1,0.0,Meta Ads,1,20.8,31
2025-09-18,CUST-01929,SMB,North America,Partner,Growth,607.00,49.4,5,1.0,Reseller,24,11.7,-11
2025-09-18,CUST-01931,Mid-Market,Middle East & Africa,Paid Search,Business,1584.11,40.0,13,1.0,Google Ads,33,20.2,-43
2025-09-18,CUST-01941,SMB,APAC,Partner,Business,1348.94,72.4,0,0.0,Solutions Partner,29,18.1,37
2025-09-18,CUST-01947,Enterprise,Europe,Organic Search,Business,4715.50,82.5,7,1.0,Website SEO,,4.9,
2025-09-18,CUST-01954,SMB,North America,Referral,Starter,145.63,78.0,8,1.0,Customer Referral,8,8.6,-6
2025-09-19,CUST-01843,Mid-Market,Europe,Content,Business,3352.37,66.6,2,0.0,Webinar,35,7.6,55
2025-09-19,CUST-01870,SMB,North America,Referral,Growth,1032.88,96.4,0,0.0,Customer Referral,13,3.2,84
2025-09-19,CUST-01870,SMB,North America,Referral,Growth,1032.88,96.4,0,0.0,Customer Referral,13,3.2,84
2025-09-19,CUST-01876,SMB,Middle East & Africa,Referral,Starter,67.00,70.8,3,0.0,Customer Referral,13,4.7,43
2025-09-19,CUST-01896,Enterprise,APAC,Partner,Business,3173.62,84.2,3,0.0,Solutions Partner,121,0.2,61
2025-09-19,CUST-01915,SMB,Latin America,Referral,Starter,162.88,63.8,0,0.0,Customer Referral,12,5.7,60
2025-09-19,CUST-01943,Mid-Market,Europe,Organic Search,Growth,609.55,78.1,2,0.0,Blog,40,12.2,59
2025-09-19,CUST-01948,Mid-Market,North America,Organic Search,Business,3896.83,,2,0.0,Website SEO,31,0.0,68
2025-09-20,CUST-01869,Mid-Market,North America,Referral,Business,4897.28,72.8,0,0.0,Customer Referral,,0.0,50
2025-09-20,CUST-01889,Enterprise,Europe,Organic Search,Business,5279.29,69.0,6,0.0,Website SEO,81,1.0,35
2025-09-20,CUST-01894,Mid-Market,North America,Paid Social,Growth,685.85,46.8,3,0.0,Meta Ads,35,18.7,-9
2025-09-21,CUST-01807,Enterprise,North America,Partner,Business,2275.71,77.6,3,0.0,Reseller,76,,70
2025-09-21,CUST-01818,Mid-Market,Latin America,Referral,Business,1948.05,97.9,0,0.0,Customer Referral,34,7.1,
2025-09-21,CUST-01842,Mid-Market,APAC,Referral,Business,2602.11,91.2,3,0.0,Customer Referral,42,5.5,37
2025-09-21,CUST-01899,SMB,North America,Content,Growth,560.02,69.2,3,0.0,Newsletter,9,4.8,50
2025-09-21,CUST-01912,Mid-Market,Europe,Paid Search,Business,3388.40,83.5,5,0.0,Google Ads,33,20.0,63
2025-09-21,CUST-01944,Enterprise,North America,Partner,Business,4204.68,75.9,2,0.0,Solutions Partner,65,3.6,45
2025-09-22,CUST-01849,Mid-Market,APAC,Partner,Business,1891.92,89.4,2,0.0,Solutions Partner,33,8.3,88
2025-09-22,CUST-01872,SMB,Latin America,Paid Search,Starter,121.91,37.4,6,0.0,,1,16.7,-40
2025-09-22,CUST-01874,SMB,APAC,Organic Search,Starter,128.41,79.1,0,0.0,Website SEO,12,4.0,66
2025-09-22,CUST-01908,Mid-Market,Latin America,Paid Search,Growth,409.11,69.9,4,0.0,Google Ads,23,18.0,19
2025-09-22,CUST-01910,Mid-Market,North America,Organic Search,Business,1804.80,66.0,5,0.0,Website SEO,53,9.7,16
2025-09-23,CUST-01809,SMB,North America,Organic Search,Starter,116.93,81.0,0,0.0,Website SEO,12,2.4,73
2025-09-23,CUST-01857,Enterprise,APAC,Referral,Business,3441.07,83.0,5,0.0,Customer Referral,90,6.6,64
2025-09-23,CUST-01861,SMB,Latin America,Paid Social,Starter,55.98,,5,0.0,LinkedIn Ads,8,15.9,-23
2025-09-23,CUST-01904,SMB,North America,Paid Search,Growth,333.43,,4,1.0,Google Ads,6,19.9,-1
2025-09-24,CUST-01828,Mid-Market,North America,Referral,Business,4502.87,99.0,2,0.0,Customer Referral,29,0.0,84
2025-09-24,CUST-01853,Mid-Market,Europe,Referral,Growth,792.58,81.5,0,0.0,Customer Referral,39,4.6,46
2025-09-24,CUST-01923,Enterprise,Europe,Partner,Business,1790.85,92.9,3,0.0,Solutions Partner,66,6.6,82
2025-09-25,CUST-01839,Mid-Market,Latin America,Paid Social,Business,1294.77,59.3,8,1.0,LinkedIn Ads,33,23.9,-17
2025-09-25,CUST-01897,Mid-Market,North America,Referral,Business,3724.87,85.2,3,0.0,Founder Network,50,11.4,70
2025-09-25,CUST-01952,Enterprise,North America,Referral,Enterprise,35844.67,99.0,0,0.0,Customer Referral,126,6.8,96
2025-09-26,CUST-01821,SMB,APAC,Referral,Growth,422.75,93.0,0,0.0,Founder Network,13,0.0,76
2025-09-26,CUST-01824,Mid-Market,Middle East & Africa,Paid Search,Business,2218.79,69.5,1,0.0,Google Ads,45,23.5,17
2025-09-26,CUST-01852,SMB,APAC,Organic Search,Growth,776.89,70.3,0,0.0,Website SEO,14,0.3,
2025-09-26,CUST-01883,Enterprise,Europe,Partner,Enterprise,11066.56,99.0,4,0.0,Solutions Partner,110,7.4,58
2025-09-26,CUST-01884,SMB,North America,Organic Search,Growth,653.91,73.8,1,0.0,Website SEO,10,7.9,
2025-09-26,CUST-01911,Mid-Market,Europe,Referral,Business,4593.78,89.0,2,0.0,Customer Referral,,0.0,76
2025-09-26,CUST-01920,Enterprise,Europe,Partner,Enterprise,32668.64,99.0,2,0.0,Reseller,99,15.0,71
2025-09-27,CUST-01935,Mid-Market,North America,Paid Social,Growth,657.55,50.3,7,0.0,LinkedIn Ads,27,30.5,-15
2025-09-27,CUST-01940,Mid-Market,North America,Referral,Business,2072.05,63.6,1,0.0,Customer Referral,44,5.6,30
2025-09-28,CUST-01817,SMB,North America,Organic Search,Growth,403.85,73.0,4,0.0,Blog,15,4.8,9
2025-09-28,CUST-01830,Mid-Market,North America,Paid Search,Growth,601.51,46.2,8,1.0,Google Ads,42,18.3,-45
2025-09-28,CUST-01877,SMB,North America,Organic Search,Growth,796.38,82.0,0,0.0,Website SEO,13,6.4,65
2025-09-28,CUST-01882,SMB,APAC,Organic Search,Growth,318.11,77.5,0,0.0,Website SEO,18,4.8,63
2025-09-28,CUST-01885,SMB,Europe,Paid Search,Starter,102.23,28.6,4,0.0,Google Ads,5,17.6,
2025-09-28,CUST-01900,Mid-Market,Europe,Referral,Enterprise,29059.08,74.4,1,0.0,Customer Referral,48,8.8,70
2025-09-28,CUST-01925,SMB,Europe,Paid Search,Business,1558.19,72.1,2,0.0,Google Ads,9,20.2,26
2025-09-28,CUST-01936,SMB,Europe,Paid Social,Starter,101.54,36.1,3,0.0,Meta Ads,18,18.2,-11
2025-09-29,CUST-01813,SMB,Europe,Referral,Growth,545.38,80.4,0,0.0,Founder Network,14,0.0,58
2025-09-29,CUST-01834,Enterprise,North America,Organic Search,Enterprise,21670.97,94.1,0,0.0,Website SEO,89,5.7,78
2025-09-29,CUST-01888,Mid-Market,APAC,Organic Search,Enterprise,24953.22,92.9,2,0.0,Website SEO,70,8.4,54
2025-09-29,CUST-01916,Enterprise,North America,Referral,Enterprise,15655.36,92.6,3,0.0,Customer Referral,111,12.9,71
2025-09-29,CUST-01938,SMB,Latin America,Paid Search,Growth,217.17,54.0,3,0.0,Google Ads,8,15.3,
2025-09-29,CUST-01942,Mid-Market,Europe,Paid Social,Business,3275.84,35.1,7,1.0,Meta Ads,36,26.0,-38
2025-09-30,CUST-01808,Enterprise,North America,Organic Search,Enterprise,24093.96,84.3,4,0.0,Website SEO,,8.5,55
2025-09-30,CUST-01847,Enterprise,North America,Partner,Enterprise,36905.09,99.0,1,0.0,Solutions Partner,131,12.3,
2025-09-30,CUST-01906,Mid-Market,APAC,Referral,Growth,951.95,89.6,3,0.0,Customer Referral,42,3.0,86
2025-10-01,CUST-01956,SMB,Europe,Paid Social,Growth,309.68,67.9,1,0.0,,,26.9,36
2025-10-01,CUST-02024,SMB,Europe,Content,Starter,147.82,65.2,7,1.0,Webinar,11,9.0,-25
2025-10-01,CUST-02041,Mid-Market,North America,Organic Search,Growth,763.53,62.8,3,0.0,Website SEO,29,2.9,39
2025-10-01,CUST-02043,Mid-Market,North America,Paid Social,Business,2189.61,68.7,8,1.0,,44,23.6,-14
2025-10-01,CUST-02045,SMB,North America,Paid Search,Growth,553.09,59.7,0,0.0,Retargeting,1,25.8,
2025-10-01,CUST-02060,Mid-Market,Europe,Paid Social,Business,1948.92,49.0,7,0.0,Retargeting,34,23.0,-24
2025-10-01,CUST-02093,SMB,North America,Organic Search,Business,2598.61,,1,0.0,Website SEO,17,2.7,80
2025-10-02,CUST-01996,SMB,Europe,Organic Search,Growth,657.99,80.3,,1.0,Website SEO,9,4.9,19
2025-10-02,CUST-02002,SMB,North America,Organic Search,Starter,197.43,70.8,3,0.0,Website SEO,7,7.8,29
2025-10-02,CUST-02035,Mid-Market,Latin America,Organic Search,Business,2174.43,91.7,0,0.0,Blog,36,9.8,53
2025-10-02,CUST-02094,SMB,Latin America,Paid Search,Starter,113.25,50.4,2,0.0,Google Ads,9,27.5,6
2025-10-03,CUST-02033,Mid-Market,Latin America,Paid Search,Business,2954.34,57.2,6,1.0,Retargeting,46,15.6,-12
2025-10-03,CUST-02047,Mid-Market,APAC,Referral,Business,2855.53,82.5,0,0.0,Customer Referral,37,0.0,59
2025-10-03,CUST-02052,Mid-Market,APAC,Paid Search,Growth,776.10,70.2,9,1.0,Google Ads,28,,-21
2025-10-03,CUST-02091,Mid-Market,North America,Paid Social,Growth,875.34,55.4,4,1.0,LinkedIn Ads,,21.8,0
2025-10-04,CUST-02075,Mid-Market,North America,Referral,Enterprise,18230.45,75.8,0,0.0,Customer Referral,55,10.3,52
2025-10-05,CUST-02008,Enterprise,Europe,Organic Search,Enterprise,19646.52,68.9,4,0.0,Website SEO,118,22.6,43
2025-10-05,CUST-02018,SMB,Europe,Organic Search,Business,1822.04,91.1,0,0.0,Website SEO,22,0.0,68
2025-10-05,CUST-02019,SMB,North America,Organic Search,Business,3352.52,64.9,5,0.0,Website SEO,11,2.7,20
2025-10-05,CUST-02049,SMB,Europe,Content,Starter,96.56,66.8,0,0.0,Whitepaper,12,4.2,52
2025-10-05,CUST-02057,SMB,North America,Referral,Growth,816.51,76.3,1,0.0,Founder Network,7,9.2,56
2025-10-05,CUST-02073,Mid-Market,APAC,Paid Search,Business,2251.05,78.3,,0.0,Google Ads,20,26.1,55
2025-10-05,CUST-02099,Mid-Market,APAC,Partner,Business,3067.21,84.2,2,0.0,Solutions Partner,57,4.6,
2025-10-06,CUST-01965,SMB,APAC,Organic Search,Growth,438.23,88.7,,0.0,Website SEO,12,8.1,74
2025-10-06,CUST-01985,SMB,Latin America,Paid Social,Starter,90.65,27.4,8,1.0,LinkedIn Ads,5,26.3,-81
2025-10-06,CUST-01998,SMB,APAC,Paid Social,Growth,269.90,57.3,2,0.0,LinkedIn Ads,1,,19
2025-10-06,CUST-02004,SMB,North America,Paid Social,Growth,539.82,28.8,9,1.0,LinkedIn Ads,13,21.4,-89
2025-10-06,CUST-02069,SMB,Europe,Organic Search,Growth,603.49,57.6,2,0.0,Website SEO,6,0.5,38
2025-10-06,CUST-02095,Enterprise,North America,Paid Social,Business,1847.40,61.6,4,0.0,LinkedIn Ads,91,22.7,
2025-10-07,CUST-01958,Mid-Market,North America,Paid Social,Business,3048.26,60.3,4,1.0,LinkedIn Ads,27,24.1,-5
2025-10-07,CUST-01981,Mid-Market,North America,Paid Social,Business,3649.45,60.3,4,0.0,Meta Ads,36,22.6,20
2025-10-07,CUST-01991,Mid-Market,APAC,Partner,Enterprise,16584.87,95.7,4,0.0,Solutions Partner,93,5.4,65
2025-10-07,CUST-01994,Mid-Market,North America,Content,Business,4891.49,97.2,2,0.0,Webinar,37,4.3,87
2025-10-07,CUST-02020,SMB,APAC,Organic Search,Growth,857.49,63.7,2,0.0,Marketplace,14,,36
2025-10-07,CUST-02070,Enterprise,APAC,Paid Search,Enterprise,19200.23,89.5,6,0.0,Bing Ads,104,28.3,45
2025-10-07,CUST-02074,SMB,Europe,Organic Search,Starter,248.11,56.7,4,0.0,Website SEO,11,1.9,16
2025-10-07,CUST-02083,SMB,Europe,Organic Search,Growth,817.95,66.4,3,0.0,Website SEO,16,3.1,27
2025-10-08,CUST-01993,Mid-Market,North America,Content,Enterprise,20048.49,92.7,7,1.0,Webinar,56,8.0,28
2025-10-08,CUST-01993,Mid-Market,North America,Content,Enterprise,20048.49,92.7,7,1.0,Webinar,56,8.0,28
2025-10-08,CUST-02009,Enterprise,Europe,Referral,Business,5149.79,94.7,4,0.0,Founder Network,87,5.4,85
2025-10-08,CUST-02051,SMB,APAC,Paid Search,Growth,653.76,37.4,7,1.0,Google Ads,5,20.3,-56
2025-10-08,CUST-02061,SMB,North America,Content,Starter,170.82,60.6,2,0.0,Whitepaper,8,9.4,41
2025-10-08,CUST-02104,SMB,Europe,Organic Search,Business,2498.38,71.1,1,0.0,Blog,17,6.9,53
2025-10-09,CUST-01967,Mid-Market,Europe,Partner,Business,1813.88,97.8,3,0.0,Solutions Partner,63,14.2,62
2025-10-09,CUST-01977,Mid-Market,Europe,Paid Search,Growth,870.09,41.0,4,0.0,Google Ads,25,23.1,-11
2025-10-09,CUST-01984,SMB,Europe,Content,Business,2998.83,53.9,5,0.0,Webinar,,4.5,18
2025-10-09,CUST-02077,Mid-Market,APAC,Organic Search,Business,1289.82,82.0,2,0.0,Blog,35,12.4,57
2025-10-09,CUST-02079,Mid-Market,Europe,Organic Search,Business,3926.53,87.2,0,0.0,Website SEO,44,0.4,
2025-10-10,CUST-01969,Mid-Market,North America,Referral,Enterprise,19272.87,88.1,4,0.0,Customer Referral,,7.6,51
2025-10-10,CUST-01979,SMB,Latin America,Organic Search,Business,2225.49,75.0,2,0.0,Marketplace,7,13.2,
2025-10-10,CUST-02023,Mid-Market,North America,Paid Search,Enterprise,22996.56,73.7,,0.0,Bing Ads,49,29.8,6
2025-10-10,CUST-02037,SMB,North America,Content,Starter,201.61,57.3,1,0.0,Webinar,13,4.6,23
2025-10-10,CUST-02068,Mid-Market,North America,Referral,Enterprise,25240.12,73.3,3,0.0,Customer Referral,65,12.0,34
2025-10-10,CUST-02071,SMB,Europe,Paid Social,Starter,193.64,44.4,9,1.0,Retargeting,3,25.4,-29
2025-10-11,CUST-01962,Enterprise,North America,Partner,Enterprise,26969.11,99.0,0,0.0,Reseller,114,7.0,83
2025-10-11,CUST-01986,Mid-Market,North America,Partner,Growth,1305.15,62.0,7,1.0,Solutions Partner,51,8.0,-10
2025-10-11,CUST-01997,SMB,APAC,Paid Search,Business,1285.81,49.3,4,0.0,Google Ads,15,19.6,3
2025-10-11,CUST-02000,SMB,Europe,Organic Search,Starter,97.58,88.6,1,0.0,Website SEO,17,2.0,63
2025-10-11,CUST-02014,SMB,North America,Paid Search,Starter,97.76,58.8,5,0.0,Google Ads,7,14.1,
2025-10-11,CUST-02097,SMB,Europe,Organic Search,Starter,148.06,37.4,2,0.0,Website SEO,14,2.6,-16
2025-10-11,CUST-02105,Mid-Market,North America,Paid Search,Enterprise,15597.27,62.5,4,0.0,Google Ads,64,32.7,-2
2025-10-12,CUST-01963,Enterprise,APAC,Partner,Enterprise,13584.32,99.0,5,0.0,Reseller,96,14.3,61
2025-10-12,CUST-01975,SMB,Europe,Paid Search,Growth,678.75,64.9,2,0.0,Google Ads,6,11.9,
2025-10-12,CUST-01995,Mid-Market,Europe,Referral,Business,4088.18,91.7,,0.0,Customer Referral,41,2.7,85
2025-10-12,CUST-02001,Enterprise,North America,Partner,Enterprise,116464.19,99.0,0,0.0,Solutions Partner,87,31.2,97
2025-10-12,CUST-02015,SMB,North America,Organic Search,Growth,616.36,66.9,0,0.0,Website SEO,11,6.6,44
2025-10-12,CUST-02031,SMB,North America,Paid Social,Growth,286.32,51.8,3,0.0,Meta Ads,1,33.4,4
2025-10-12,CUST-02039,SMB,Latin America,Paid Social,Growth,206.20,,9,1.0,LinkedIn Ads,,19.1,-24
2025-10-13,CUST-02056,SMB,APAC,Paid Social,Starter,84.33,54.3,0,0.0,LinkedIn Ads,1,24.0,20
2025-10-13,CUST-02080,SMB,North America,Paid Search,Starter,140.29,51.9,5,0.0,Google Ads,11,24.1,
2025-10-14,CUST-01960,Mid-Market,APAC,Organic Search,Business,3190.27,82.4,0,0.0,Blog,28,13.6,63
2025-10-14,CUST-01987,Mid-Market,North America,Referral,Business,3895.91,98.6,2,0.0,Customer Referral,31,10.8,69
2025-10-14,CUST-02012,Mid-Market,North America,Paid Social,Growth,488.54,52.7,3,0.0,LinkedIn Ads,36,16.5,-6
2025-10-14,CUST-02013,Mid-Market,Europe,Paid Social,Growth,602.33,65.8,3,0.0,Meta Ads,33,15.1,10
2025-10-14,CUST-02027,Mid-Market,Middle East & Africa,Paid Social,Enterprise,14505.99,74.6,5,0.0,LinkedIn Ads,63,20.5,41
2025-10-14,CUST-02029,SMB,Europe,Paid Search,Growth,703.46,64.1,4,0.0,Google Ads,6,18.1,18
2025-10-14,CUST-02036,Mid-Market,North America,Organic Search,Business,3384.58,81.4,2,0.0,Website SEO,43,0.0,54
2025-10-14,CUST-02055,Mid-Market,APAC,Referral,Growth,739.60,,2,0.0,Customer Referral,40,0.0,27
2025-10-15,CUST-01983,SMB,Middle East & Africa,Paid Search,Growth,536.27,54.6,2,0.0,,13,20.3,28
2025-10-15,CUST-01990,Mid-Market,North America,Paid Search,Business,1622.77,50.2,4,0.0,Google Ads,33,28.3,-24
2025-10-15,CUST-01992,SMB,North America,Paid Social,Starter,143.95,44.3,3,1.0,LinkedIn Ads,9,27.9,-21
2025-10-15,CUST-02006,SMB,North America,Paid Search,Starter,92.92,40.8,3,0.0,Retargeting,,14.2,-7
2025-10-15,CUST-02032,Mid-Market,Europe,Paid Search,Business,2411.62,64.5,1,0.0,Google Ads,23,22.2,12
2025-10-15,CUST-02040,Mid-Market,APAC,Organic Search,Growth,779.87,89.8,,0.0,Website SEO,35,5.1,91
2025-10-15,CUST-02086,SMB,Middle East & Africa,Organic Search,Business,2200.03,76.7,0,0.0,Website SEO,10,0.0,
2025-10-16,CUST-01999,Mid-Market,North America,Referral,Growth,836.77,,5,0.0,Customer Referral,31,8.9,
2025-10-16,CUST-02028,Enterprise,Europe,Referral,Business,1663.50,84.6,0,0.0,Customer Referral,105,4.7,
2025-10-16,CUST-02058,SMB,North America,Organic Search,Starter,119.52,73.4,0,0.0,Website SEO,8,5.4,27
2025-10-16,CUST-02082,SMB,North America,Organic Search,Business,1769.24,61.1,4,0.0,Website SEO,16,4.5,17
2025-10-16,CUST-02084,SMB,APAC,Paid Social,Growth,410.41,27.9,6,1.0,LinkedIn Ads,5,24.5,-52
2025-10-16,CUST-02102,Mid-Market,Middle East & Africa,Organic Search,Business,3296.59,77.5,2,0.0,Website SEO,49,3.5,65
2025-10-17,CUST-01961,Mid-Market,APAC,Paid Search,Business,1936.46,66.0,4,0.0,Google Ads,26,15.8,21
2025-10-17,CUST-01974,SMB,Europe,Paid Search,Starter,99.57,47.5,1,0.0,Google Ads,14,18.8,-10
2025-10-17,CUST-01988,Enterprise,Europe,Organic Search,Business,5096.25,75.3,2,0.0,Website SEO,,3.6,53
2025-10-18,CUST-01976,Enterprise,Europe,Organic Search,Business,4453.35,91.3,3,0.0,Website SEO,80,0.0,60
2025-10-18,CUST-02007,Mid-Market,Europe,Paid Social,Enterprise,16881.67,55.1,7,1.0,LinkedIn Ads,53,28.7,8
2025-10-18,CUST-02010,Mid-Market,Europe,Organic Search,Business,1524.27,99.0,5,0.0,Blog,44,14.5,67
2025-10-18,CUST-02022,SMB,APAC,Content,Growth,720.89,59.9,1,0.0,Newsletter,11,6.2,38
2025-10-18,CUST-02064,SMB,APAC,Paid Social,Starter,55.26,34.5,8,1.0,LinkedIn Ads,9,27.2,-46
2025-10-19,CUST-01957,SMB,Europe,Organic Search,Growth,695.17,73.7,1,0.0,Marketplace,13,0.0,
2025-10-19,CUST-01970,SMB,Europe,Content,Growth,399.21,82.1,1,0.0,Whitepaper,12,7.0,56
2025-10-19,CUST-01972,SMB,North America,Paid Social,Growth,298.37,29.4,10,1.0,LinkedIn Ads,3,24.5,-58
2025-10-19,CUST-02065,Enterprise,North America,Partner,Business,3866.71,96.1,3,0.0,Reseller,92,6.4,74
2025-10-20,CUST-01964,Mid-Market,APAC,Organic Search,Growth,737.96,95.3,1,0.0,Website SEO,39,6.9,100
2025-10-20,CUST-01982,Mid-Market,Europe,Partner,Business,2543.40,92.7,4,0.0,Solutions Partner,66,13.6,77
2025-10-20,CUST-02048,SMB,North America,Paid Social,Starter,193.12,48.9,9,1.0,Meta Ads,4,15.2,
2025-10-20,CUST-02062,SMB,North America,Paid Social,Starter,135.96,61.9,0,0.0,Meta Ads,8,22.4,36
2025-10-20,CUST-02081,Mid-Market,North America,Partner,Business,4865.45,66.8,3,0.0,Reseller,70,7.0,29
2025-10-20,CUST-02088,Mid-Market,Europe,Organic Search,Business,4507.73,72.6,0,0.0,Marketplace,27,7.2,92
2025-10-21,CUST-02026,Mid-Market,North America,Referral,Growth,738.44,81.5,4,1.0,Customer Referral,39,3.5,
2025-10-21,CUST-02053,SMB,North America,Paid Search,Growth,766.61,39.2,5,0.0,Retargeting,3,20.6,-25
2025-10-21,CUST-02087,Enterprise,North America,Referral,Enterprise,25967.71,98.5,3,0.0,Customer Referral,,5.9,72
2025-10-22,CUST-01968,Enterprise,Europe,Paid Social,Enterprise,22560.01,45.7,6,0.0,LinkedIn Ads,95,27.0,-22
2025-10-22,CUST-02016,SMB,North America,Referral,Growth,635.20,76.6,4,0.0,Customer Referral,16,,44
2025-10-22,CUST-02021,Mid-Market,North America,Organic Search,Business,1589.27,70.6,1,0.0,Website SEO,33,11.7,60
2025-10-22,CUST-02038,Mid-Market,Europe,Organic Search,Growth,465.13,99.0,3,0.0,Website SEO,14,0.3,76
2025-10-22,CUST-02059,SMB,Latin America,Organic Search,Starter,158.20,67.6,1,0.0,Website SEO,14,4.6,45
2025-10-22,CUST-02090,SMB,Europe,Organic Search,Growth,937.05,67.5,3,0.0,Website SEO,9,3.3,10
2025-10-23,CUST-01955,Mid-Market,North America,Referral,Business,2816.46,99.0,7,1.0,Founder Network,35,1.8,33
2025-10-23,CUST-02011,SMB,APAC,Paid Search,Growth,648.84,77.2,1,0.0,Google Ads,4,22.0,73
2025-10-23,CUST-02063,Enterprise,North America,Referral,Business,3813.41,87.6,3,0.0,Customer Referral,61,9.1,68
2025-10-23,CUST-02076,Mid-Market,North America,Paid Search,Business,3557.14,51.6,6,0.0,,,20.4,-44
2025-10-24,CUST-02025,Mid-Market,Europe,Paid Search,Business,3130.13,64.4,4,1.0,Google Ads,32,22.2,5
2025-10-24,CUST-02030,Mid-Market,North America,Referral,Business,2545.38,79.0,1,0.0,Customer Referral,28,1.0,54
2025-10-24,CUST-02046,Enterprise,North America,Partner,Business,5099.87,77.9,1,0.0,Solutions Partner,74,8.5,
2025-10-24,CUST-02050,Mid-Market,Europe,Content,Enterprise,26258.80,94.0,1,0.0,Webinar,48,7.5,70
2025-10-25,CUST-02005,SMB,Europe,Organic Search,Growth,841.04,73.1,1,0.0,Website SEO,12,0.0,58
2025-10-25,CUST-02044,Enterprise,Europe,Paid Social,Enterprise,26830.54,83.9,,1.0,LinkedIn Ads,67,23.5,4
2025-10-26,CUST-02017,SMB,Europe,Organic Search,Growth,357.53,63.9,4,0.0,Website SEO,22,4.8,38
2025-10-26,CUST-02096,SMB,Europe,Paid Search,Growth,628.00,57.6,3,0.0,Google Ads,4,5.3,
2025-10-26,CUST-02098,Enterprise,Europe,Partner,Business,1861.75,84.9,4,0.0,Reseller,125,18.1,
2025-10-27,CUST-02034,SMB,Europe,Paid Social,Business,1111.48,42.7,9,1.0,Meta Ads,13,24.1,
2025-10-27,CUST-02067,SMB,APAC,Paid Search,Growth,521.51,,3,0.0,Google Ads,3,17.5,-16
2025-10-27,CUST-02078,Mid-Market,North America,Referral,Business,4276.82,80.4,1,0.0,Customer Referral,46,8.0,60
2025-10-27,CUST-02101,SMB,North America,Organic Search,Starter,165.77,56.1,2,0.0,Website SEO,17,14.1,38
2025-10-28,CUST-01959,SMB,Middle East & Africa,Organic Search,Growth,616.43,87.9,0,0.0,Website SEO,16,0.0,76
2025-10-28,CUST-01971,SMB,APAC,Paid Social,Starter,89.65,,6,1.0,,3,27.6,-42
2025-10-28,CUST-01973,Mid-Market,North America,Paid Social,Business,2313.49,56.8,6,0.0,Meta Ads,30,18.9,16
2025-10-28,CUST-01978,SMB,North America,Organic Search,Starter,167.43,57.7,0,0.0,Marketplace,11,3.7,
2025-10-28,CUST-01980,SMB,North America,Referral,Business,2386.39,86.2,0,0.0,Customer Referral,12,0.0,67
2025-10-28,CUST-02042,Mid-Market,North America,Paid Social,Growth,554.59,80.4,3,0.0,Meta Ads,27,24.0,41
2025-10-28,CUST-02072,SMB,North America,Organic Search,Growth,636.51,74.5,2,0.0,Marketplace,,3.4,52
2025-10-28,CUST-02089,SMB,North America,Paid Social,Starter,81.83,56.4,8,1.0,LinkedIn Ads,2,16.9,-30
2025-10-28,CUST-02103,SMB,APAC,Paid Social,Growth,408.52,47.6,4,1.0,LinkedIn Ads,11,19.1,-26
2025-10-29,CUST-02092,Mid-Market,Europe,Content,Growth,401.99,69.5,2,0.0,Webinar,28,16.1,38
2025-10-30,CUST-02085,SMB,Europe,Referral,Growth,539.29,76.3,3,0.0,Customer Referral,12,7.4,67
2025-10-31,CUST-01966,Mid-Market,North America,Content,Business,2135.90,77.6,2,0.0,Newsletter,30,9.8,34
2025-10-31,CUST-01989,SMB,APAC,Paid Search,Starter,102.61,47.8,2,0.0,Bing Ads,,15.6,16
2025-10-31,CUST-02003,Mid-Market,APAC,Paid Search,Growth,481.96,64.2,7,1.0,Google Ads,25,,-1
2025-10-31,CUST-02054,Enterprise,APAC,Paid Search,Business,2523.58,66.8,8,1.0,Google Ads,86,21.5,-35
2025-10-31,CUST-02066,Enterprise,North America,Organic Search,Enterprise,27512.62,99.0,1,0.0,Website SEO,130,8.8,63
2025-10-31,CUST-02100,SMB,Europe,Paid Search,Growth,406.65,37.7,9,1.0,Retargeting,1,14.1,-53
2025-11-01,CUST-02147,SMB,Europe,Paid Search,Starter,197.06,70.9,6,1.0,Google Ads,9,66.4,8
2025-11-01,CUST-02191,Mid-Market,Middle East & Africa,Paid Search,Growth,493.94,,3,0.0,,25,13.6,48
2025-11-01,CUST-02197,Enterprise,North America,Paid Social,Enterprise,21794.66,62.9,5,1.0,Meta Ads,103,26.8,23
2025-11-01,CUST-02218,Enterprise,APAC,Paid Search,Enterprise,18813.60,63.2,2,0.0,Google Ads,83,25.4,26
2025-11-02,CUST-02125,Mid-Market,North America,Paid Social,Business,3966.10,61.2,5,1.0,LinkedIn Ads,42,25.5,-2
2025-11-02,CUST-02138,Mid-Market,Europe,Paid Social,Growth,524.71,50.8,7,1.0,Meta Ads,34,,-36
2025-11-02,CUST-02165,Mid-Market,North America,Paid Search,Business,1878.49,84.2,4,0.0,Bing Ads,30,20.3,40
2025-11-02,CUST-02192,Mid-Market,Latin America,Organic Search,Business,2861.37,92.9,1,0.0,Website SEO,50,11.1,
2025-11-02,CUST-02236,SMB,North America,Organic Search,Starter,203.31,64.4,2,0.0,Blog,11,0.0,36
2025-11-03,CUST-02118,Mid-Market,Europe,Partner,Enterprise,20692.31,79.8,4,0.0,Reseller,77,9.7,49
2025-11-03,CUST-02141,Mid-Market,North America,Referral,Growth,1189.95,86.4,2,0.0,Customer Referral,41,0.0,60
2025-11-03,CUST-02168,SMB,North America,Organic Search,Starter,125.83,55.5,3,0.0,Website SEO,,10.2,
2025-11-03,CUST-02172,Mid-Market,North America,Paid Search,Enterprise,13215.90,65.7,1,0.0,,48,27.4,
2025-11-03,CUST-02235,SMB,North America,Paid Social,Starter,233.51,59.3,2,0.0,Meta Ads,5,18.7,
2025-11-04,CUST-02106,Enterprise,APAC,Referral,Business,3135.21,99.0,3,0.0,Customer Referral,,4.5,90
2025-11-04,CUST-02120,Enterprise,Europe,Organic Search,Enterprise,20808.31,86.5,1,0.0,Website SEO,84,6.2,80
2025-11-04,CUST-02128,SMB,North America,Partner,Growth,692.68,73.7,1,0.0,Solutions Partner,19,,
2025-11-04,CUST-02182,Mid-Market,APAC,Organic Search,Growth,507.76,62.3,1,0.0,Blog,32,3.9,38
2025-11-04,CUST-02195,Mid-Market,Europe,Paid Search,Business,2919.81,62.7,4,0.0,Retargeting,32,17.2,7
2025-11-04,CUST-02205,Mid-Market,Europe,Paid Search,Growth,720.11,56.9,3,0.0,Google Ads,30,27.0,17
2025-11-04,CUST-02222,SMB,Europe,Paid Search,Starter,209.22,58.0,3,0.0,Google Ads,1,13.0,18
2025-11-05,CUST-02131,Enterprise,Latin America,Paid Search,Enterprise,14036.25,63.4,2,0.0,Google Ads,103,21.3,27
2025-11-05,CUST-02154,Enterprise,North America,Paid Search,Enterprise,11634.41,68.5,1,0.0,Google Ads,147,28.3,
2025-11-05,CUST-02183,Enterprise,North America,Paid Search,Enterprise,27882.94,91.6,3,0.0,Google Ads,104,,
2025-11-05,CUST-02184,Enterprise,Europe,Organic Search,Business,1706.41,94.5,2,0.0,Website SEO,67,1.3,74
2025-11-05,CUST-02219,Enterprise,North America,Content,Business,2970.70,84.9,4,0.0,Webinar,73,18.7,
2025-11-06,CUST-02231,Mid-Market,APAC,Partner,Enterprise,11559.04,81.7,3,0.0,Reseller,51,5.6,53
2025-11-07,CUST-02156,SMB,Middle East & Africa,Content,Growth,601.16,88.5,1,0.0,Whitepaper,12,0.0,65
2025-11-07,CUST-02199,SMB,North America,Partner,Growth,563.41,59.5,9,1.0,Solutions Partner,27,9.9,-32
2025-11-07,CUST-02248,Enterprise,North America,Referral,Enterprise,34297.41,99.0,7,1.0,Customer Referral,117,1.7,44
2025-11-08,CUST-02137,Mid-Market,Latin America,Partner,Growth,617.12,67.0,5,1.0,Solutions Partner,61,1.7,-4
2025-11-08,CUST-02250,Mid-Market,Europe,Partner,Growth,549.55,68.1,3,0.0,Solutions Partner,40,2.7,18
2025-11-09,CUST-02179,SMB,Latin America,Paid Search,Business,2151.14,54.9,3,0.0,,10,18.0,-5
2025-11-09,CUST-02200,Mid-Market,North America,Paid Search,Business,3805.33,57.0,10,1.0,Google Ads,37,21.9,-39
2025-11-09,CUST-02211,Mid-Market,Latin America,Content,Business,1742.99,94.7,4,0.0,Webinar,37,8.0,68
2025-11-09,CUST-02211,Mid-Market,Latin America,Content,Business,1742.99,94.7,4,0.0,Webinar,37,8.0,68
2025-11-10,CUST-02113,Mid-Market,APAC,Partner,Growth,504.22,68.1,5,0.0,Solutions Partner,66,6.1,27
2025-11-10,CUST-02160,SMB,APAC,Paid Search,Starter,111.57,48.8,1,0.0,Bing Ads,3,24.1,
2025-11-10,CUST-02196,Mid-Market,Europe,Organic Search,Growth,1077.96,66.0,7,0.0,Website SEO,42,0.0,12
2025-11-11,CUST-02155,Mid-Market,Europe,Referral,Business,3534.78,74.3,0,0.0,Customer Referral,41,12.1,33
2025-11-11,CUST-02175,Mid-Market,North America,Paid Search,Business,3883.88,51.3,4,0.0,Google Ads,37,17.3,-10
2025-11-11,CUST-02188,Mid-Market,North America,Partner,Enterprise,26617.91,90.9,3,0.0,Solutions Partner,57,9.2,70
2025-11-11,CUST-02203,Mid-Market,North America,Referral,Growth,837.49,81.1,3,0.0,Founder Network,41,0.0,55
2025-11-11,CUST-02227,Mid-Market,North America,Partner,Business,5091.69,90.4,2,0.0,Reseller,56,6.2,74
2025-11-12,CUST-02126,Mid-Market,North America,Partner,Business,3535.00,71.9,2,1.0,Solutions Partner,61,19.7,14
2025-11-12,CUST-02136,Mid-Market,Europe,Paid Search,Business,1253.23,71.6,5,1.0,Google Ads,18,20.0,-1
2025-11-12,CUST-02202,SMB,North America,Organic Search,Business,2491.24,75.0,0,0.0,Website SEO,16,2.4,39
2025-11-12,CUST-02229,SMB,Latin America,Referral,Starter,132.44,69.6,2,0.0,Customer Referral,11,2.6,
2025-11-12,CUST-02238,Mid-Market,North America,Paid Social,Growth,615.84,51.4,5,0.0,LinkedIn Ads,24,34.7,-5
2025-11-13,CUST-02110,SMB,North America,Paid Search,Growth,725.11,68.1,3,0.0,Google Ads,7,13.7,14
2025-11-13,CUST-02134,Enterprise,North America,Content,Enterprise,22876.97,99.0,1,0.0,Whitepaper,91,2.8,100
2025-11-13,CUST-02152,Mid-Market,Middle East & Africa,Referral,Enterprise,20668.90,93.5,2,0.0,Customer Referral,69,4.0,50
2025-11-13,CUST-02177,Enterprise,Europe,Paid Search,Enterprise,18430.20,64.5,1,0.0,,80,15.5,18
2025-11-13,CUST-02230,SMB,North America,Paid Search,Starter,82.13,43.6,9,1.0,Google Ads,4,,-53
2025-11-13,CUST-02234,Enterprise,North America,Paid Search,Enterprise,24736.53,60.9,7,1.0,Google Ads,92,23.7,
2025-11-13,CUST-02246,Mid-Market,North America,Paid Search,Enterprise,12418.08,,7,1.0,Google Ads,69,19.5,-39
2025-11-14,CUST-02162,SMB,North America,Organic Search,Growth,1014.25,81.4,0,0.0,Website SEO,20,4.4,65
2025-11-14,CUST-02163,Enterprise,Europe,Paid Search,Enterprise,14325.99,78.5,4,1.0,Google Ads,125,18.2,
2025-11-14,CUST-02173,Mid-Market,North America,Paid Search,Business,1354.17,64.0,4,0.0,Google Ads,31,22.5,
2025-11-14,CUST-02174,Mid-Market,North America,Referral,Business,4298.57,87.8,2,0.0,Founder Network,36,2.3,76
2025-11-14,CUST-02204,SMB,Europe,Referral,Growth,601.27,83.5,2,0.0,Customer Referral,15,,
2025-11-14,CUST-02207,SMB,APAC,Organic Search,Starter,152.87,84.0,8,1.0,Website SEO,5,5.1,26
2025-11-14,CUST-02215,Enterprise,APAC,Partner,Enterprise,24008.85,71.9,2,0.0,Solutions Partner,93,17.4,36
2025-11-15,CUST-02114,Mid-Market,North America,Paid Social,Growth,567.68,52.3,8,1.0,,,17.9,-37
2025-11-15,CUST-02135,Enterprise,APAC,Content,Enterprise,9266.46,99.0,4,0.0,Webinar,,0.4,59
2025-11-15,CUST-02145,SMB,Europe,Paid Social,Starter,119.26,56.0,2,0.0,LinkedIn Ads,5,26.7,1
2025-11-15,CUST-02166,SMB,APAC,Organic Search,Growth,572.36,,0,0.0,Website SEO,3,4.7,48
2025-11-16,CUST-02107,Mid-Market,APAC,Paid Search,Business,1673.24,58.0,2,0.0,Google Ads,29,24.7,0
2025-11-16,CUST-02111,SMB,Europe,Paid Social,Business,1319.21,50.3,5,1.0,LinkedIn Ads,17,28.2,-9
2025-11-16,CUST-02122,Mid-Market,APAC,Paid Social,Enterprise,8897.23,52.8,5,0.0,Meta Ads,54,22.7,
2025-11-16,CUST-02189,Mid-Market,Europe,Partner,Business,2214.05,70.3,3,0.0,Solutions Partner,36,14.3,35
2025-11-16,CUST-02193,SMB,APAC,Paid Search,Starter,154.80,53.1,5,0.0,Google Ads,9,12.6,-1
2025-11-16,CUST-02194,SMB,North America,Paid Search,Growth,611.70,46.9,7,0.0,Bing Ads,15,13.2,-19
2025-11-16,CUST-02220,Mid-Market,North America,Paid Search,Business,1559.95,57.5,5,0.0,Google Ads,45,11.3,7
2025-11-16,CUST-02223,SMB,North America,Paid Search,Growth,879.54,42.2,7,1.0,Google Ads,4,14.1,-27
2025-11-16,CUST-02226,SMB,Europe,Paid Search,Growth,746.24,52.9,3,0.0,Google Ads,12,16.9,0
2025-11-16,CUST-02237,SMB,North America,Organic Search,Starter,115.57,65.8,3,0.0,Marketplace,23,0.0,
2025-11-17,CUST-02112,Enterprise,Europe,Referral,Enterprise,28900.88,91.5,3,0.0,Founder Network,105,17.2,56
2025-11-17,CUST-02144,Mid-Market,North America,Content,Business,1629.43,82.7,4,0.0,Newsletter,35,3.5,50
2025-11-17,CUST-02144,Mid-Market,North America,Content,Business,1629.43,82.7,4,0.0,Newsletter,35,3.5,50
2025-11-17,CUST-02148,SMB,Latin America,Paid Social,Starter,135.67,49.7,10,1.0,LinkedIn Ads,10,22.6,-56
2025-11-17,CUST-02209,Mid-Market,Europe,Paid Search,Business,1652.44,,7,1.0,Google Ads,41,21.7,-42
2025-11-17,CUST-02214,SMB,Middle East & Africa,Paid Social,Starter,140.69,52.6,3,0.0,LinkedIn Ads,6,28.6,-10
2025-11-17,CUST-02221,Mid-Market,APAC,Paid Search,Business,1817.74,64.0,2,0.0,Google Ads,,16.4,29
2025-11-17,CUST-02239,SMB,North America,Referral,Growth,359.88,45.0,4,0.0,Customer Referral,12,5.1,-1
2025-11-18,CUST-02117,SMB,Europe,Content,Growth,760.41,49.8,3,0.0,Webinar,17,0.8,-1
2025-11-18,CUST-02178,Mid-Market,APAC,Paid Search,Business,1633.53,92.8,1,0.0,Google Ads,27,17.7,41
2025-11-18,CUST-02225,SMB,Europe,Paid Search,Starter,189.18,54.8,5,0.0,Google Ads,10,26.6,-13
2025-11-19,CUST-02109,Mid-Market,Europe,Partner,Growth,808.30,76.5,,0.0,Solutions Partner,32,11.0,49
2025-11-19,CUST-02161,SMB,North America,Referral,Starter,127.34,54.1,3,0.0,Customer Referral,15,11.2,29
2025-11-19,CUST-02176,Mid-Market,North America,Content,Business,2309.70,91.3,0,0.0,Webinar,32,,75
2025-11-19,CUST-02190,SMB,North America,Organic Search,Growth,466.26,86.6,1,0.0,Website SEO,10,2.4,51
2025-11-19,CUST-02217,SMB,North America,Content,Business,2272.31,64.5,4,0.0,Newsletter,12,,20
2025-11-19,CUST-02232,Mid-Market,North America,Referral,Growth,635.10,83.3,2,0.0,Customer Referral,35,,49
2025-11-20,CUST-02130,SMB,Europe,Organic Search,Starter,117.62,47.6,,0.0,Website SEO,12,0.0,18
2025-11-20,CUST-02206,Mid-Market,North America,Referral,Growth,794.48,81.3,1,0.0,Customer Referral,28,13.0,62
2025-11-20,CUST-02212,Enterprise,Europe,Referral,Enterprise,29678.51,98.7,2,0.0,Customer Referral,94,15.6,70
2025-11-20,CUST-02247,Mid-Market,Europe,Paid Search,Growth,493.90,56.0,4,0.0,Google Ads,21,23.0,
2025-11-22,CUST-02116,SMB,APAC,Paid Search,Starter,76.25,44.1,4,1.0,Google Ads,2,20.2,-25
2025-11-22,CUST-02140,SMB,Middle East & Africa,Paid Social,Starter,131.14,43.5,5,1.0,Meta Ads,8,23.6,
2025-11-22,CUST-02158,SMB,North America,Organic Search,Starter,228.11,72.5,7,1.0,Website SEO,13,3.7,14
2025-11-23,CUST-02115,Mid-Market,North America,Partner,Business,1958.82,93.9,4,0.0,Reseller,55,14.3,72
2025-11-23,CUST-02123,SMB,North America,Referral,Business,2427.50,65.7,1,0.0,Customer Referral,,0.0,42
2025-11-23,CUST-02124,SMB,APAC,Paid Social,Starter,100.85,39.0,8,1.0,LinkedIn Ads,7,15.2,-72
2025-11-23,CUST-02129,SMB,North America,Paid Social,Growth,466.03,46.9,10,1.0,Meta Ads,2,20.2,-46
2025-11-23,CUST-02142,SMB,Europe,Paid Search,Growth,700.36,62.6,6,1.0,Google Ads,5,18.3,-24
2025-11-23,CUST-02150,Mid-Market,North America,Organic Search,Enterprise,31711.32,85.3,,0.0,Blog,65,4.9,72
2025-11-23,CUST-02157,Enterprise,Europe,Paid Search,Enterprise,12237.40,60.8,5,0.0,Google Ads,95,31.9,7
2025-11-23,CUST-02170,Mid-Market,APAC,Organic Search,Business,1410.26,74.0,4,0.0,Blog,40,6.2,48
2025-11-23,CUST-02180,Mid-Market,Europe,Partner,Business,3847.15,99.0,1,0.0,Reseller,38,18.1,75
2025-11-23,CUST-02186,SMB,North America,Paid Social,Growth,465.00,45.8,,1.0,Meta Ads,,30.8,-23
2025-11-23,CUST-02228,Mid-Market,North America,Organic Search,Growth,589.61,72.0,3,0.0,Website SEO,19,6.0,50
2025-11-23,CUST-02240,SMB,North America,Organic Search,Growth,715.39,89.9,3,0.0,Website SEO,9,5.8,65
2025-11-24,CUST-02108,Enterprise,Europe,Paid Search,Enterprise,8297.90,56.0,8,1.0,Google Ads,68,21.9,-22
2025-11-24,CUST-02139,Mid-Market,Europe,Referral,Business,2086.84,89.7,1,1.0,Customer Referral,24,4.3,54
2025-11-24,CUST-02146,Mid-Market,Europe,Paid Search,Business,2625.70,61.2,2,0.0,Google Ads,44,26.4,27
2025-11-24,CUST-02167,Mid-Market,North America,Paid Search,Business,2679.50,64.1,4,1.0,Google Ads,35,,13
2025-11-24,CUST-02216,SMB,North America,Content,Starter,223.09,71.4,3,0.0,Webinar,9,11.8,
2025-11-24,CUST-02224,SMB,Europe,Organic Search,Starter,198.01,64.0,3,0.0,Website SEO,8,1.3,34
2025-11-25,CUST-02241,SMB,North America,Paid Search,Growth,492.01,56.5,6,1.0,Google Ads,6,6.2,-2
2025-11-25,CUST-02244,SMB,Europe,Paid Social,Starter,70.68,40.6,5,0.0,Meta Ads,11,19.7,-24
2025-11-26,CUST-02132,Mid-Market,North America,Paid Social,Business,1528.93,60.8,8,1.0,Meta Ads,30,26.0,-25
2025-11-26,CUST-02151,Mid-Market,North America,Content,Enterprise,32551.53,89.2,1,0.0,Webinar,46,5.8,76
2025-11-26,CUST-02187,Mid-Market,North America,Organic Search,Growth,573.33,65.0,2,0.0,Website SEO,37,9.0,24
2025-11-26,CUST-02208,Enterprise,Europe,Referral,Enterprise,29079.75,99.0,,0.0,Customer Referral,99,14.0,100
2025-11-26,CUST-02242,SMB,North America,Organic Search,Starter,119.60,83.5,1,0.0,Website SEO,8,8.8,49
2025-11-27,CUST-02121,SMB,Europe,Content,Growth,792.70,83.8,2,1.0,Webinar,10,1.6,24
2025-11-27,CUST-02153,Mid-Market,Latin America,Partner,Enterprise,7672.37,94.3,2,0.0,Solutions Partner,57,13.6,59
2025-11-27,CUST-02169,SMB,North America,Partner,Starter,98.89,78.3,3,0.0,Solutions Partner,29,5.4,42
2025-11-27,CUST-02233,Mid-Market,Europe,Paid Social,Growth,421.35,62.2,7,1.0,Meta Ads,24,27.6,2
2025-11-27,CUST-02251,Mid-Market,Europe,Partner,Business,1806.56,92.8,4,0.0,Solutions Partner,30,9.4,46
2025-11-28,CUST-02119,SMB,Latin America,Paid Social,Starter,80.44,49.2,5,1.0,Meta Ads,7,28.9,-13
2025-11-28,CUST-02133,SMB,North America,Referral,Starter,260.19,69.9,4,0.0,Customer Referral,,0.0,45
2025-11-28,CUST-02171,Mid-Market,North America,Referral,Growth,617.13,73.4,1,0.0,Customer Referral,22,0.0,54
2025-11-28,CUST-02198,SMB,Europe,Paid Social,Growth,416.50,38.1,5,0.0,,6,23.3,
2025-11-28,CUST-02243,Enterprise,North America,Partner,Business,5759.96,89.1,2,0.0,Solutions Partner,50,3.2,54
2025-11-28,CUST-02245,SMB,North America,Organic Search,Growth,466.61,54.2,5,1.0,Website SEO,14,1.3,-24
2025-11-29,CUST-02143,SMB,APAC,Paid Search,Starter,91.14,60.3,3,0.0,,5,20.6,5
2025-11-29,CUST-02181,Enterprise,APAC,Paid Search,Business,3074.75,75.9,3,0.0,Google Ads,94,21.2,36
2025-11-29,CUST-02210,SMB,APAC,Paid Search,Starter,90.42,56.1,1,0.0,Bing Ads,11,16.2,15
2025-11-29,CUST-02213,SMB,North America,Paid Search,Growth,848.25,62.8,,1.0,,8,12.9,-12
2025-11-29,CUST-02249,SMB,Europe,Paid Search,Starter,108.91,51.0,4,1.0,Google Ads,6,18.2,3
2025-11-30,CUST-02127,SMB,Europe,Organic Search,Starter,118.55,48.7,4,0.0,Website SEO,16,8.2,2
2025-11-30,CUST-02149,Enterprise,Latin America,Referral,Business,2544.66,99.0,3,0.0,Customer Referral,,0.0,78
2025-11-30,CUST-02159,SMB,North America,Referral,Growth,451.91,52.9,5,0.0,Customer Referral,13,0.0,3
2025-11-30,CUST-02164,Mid-Market,North America,Paid Social,Growth,373.23,32.1,50,1.0,Meta Ads,34,,-66
2025-11-30,CUST-02185,SMB,APAC,Paid Search,Starter,189.27,60.6,2,0.0,Bing Ads,9,16.8,28
2025-11-30,CUST-02201,SMB,Europe,Paid Social,Growth,335.76,42.3,4,0.0,LinkedIn Ads,3,25.2,-14
2025-12-01,CUST-02252,SMB,North America,Paid Social,Starter,175.16,36.4,7,1.0,LinkedIn Ads,5,,-54
2025-12-01,CUST-02282,Mid-Market,APAC,Paid Search,Business,1937.15,59.5,3,0.0,Google Ads,34,18.2,27
2025-12-01,CUST-02283,Mid-Market,APAC,Partner,Business,1432.32,77.9,1,0.0,Solutions Partner,47,0.0,71
2025-12-01,CUST-02324,SMB,Europe,Partner,Growth,899.27,55.1,2,0.0,Solutions Partner,31,1.0,61
2025-12-01,CUST-02354,SMB,APAC,Partner,Growth,685.84,65.8,3,0.0,Reseller,33,7.1,
2025-12-01,CUST-02366,SMB,Europe,Paid Search,Starter,187.21,52.3,4,0.0,Google Ads,1,20.3,19
2025-12-02,CUST-02264,SMB,APAC,Paid Search,Growth,631.63,52.3,2,0.0,Google Ads,10,26.2,
2025-12-02,CUST-02294,SMB,North America,Organic Search,Starter,110.39,43.8,6,0.0,Blog,11,,-3
2025-12-02,CUST-02311,SMB,North America,Paid Search,Growth,356.61,58.1,4,1.0,Google Ads,9,,6
2025-12-02,CUST-02319,Mid-Market,APAC,Paid Search,Business,2495.46,59.6,4,0.0,Retargeting,36,15.2,1
2025-12-03,CUST-02304,Mid-Market,North America,Paid Search,Growth,644.81,51.9,5,0.0,Google Ads,34,20.4,-15
2025-12-03,CUST-02306,Enterprise,Europe,Partner,Business,3221.24,79.2,4,0.0,Solutions Partner,106,,33
2025-12-04,CUST-02258,Enterprise,North America,Referral,Enterprise,20301.96,77.7,5,0.0,Customer Referral,124,16.4,36
2025-12-04,CUST-02338,Enterprise,North America,Partner,Business,3225.41,84.5,,0.0,Reseller,49,5.2,
2025-12-05,CUST-02293,SMB,North America,Paid Search,Starter,95.12,,2,1.0,Google Ads,13,25.8,4
2025-12-05,CUST-02325,Mid-Market,North America,Partner,Business,2963.59,81.0,1,0.0,Solutions Partner,32,6.2,
2025-12-06,CUST-02281,SMB,Europe,Paid Social,Starter,124.21,45.3,3,0.0,Meta Ads,11,25.3,-6
2025-12-06,CUST-02321,Mid-Market,APAC,Content,Business,1111.18,81.1,1,0.0,Whitepaper,39,15.6,55
2025-12-07,CUST-02260,Mid-Market,North America,Content,Growth,745.78,56.6,2,0.0,Whitepaper,18,11.1,40
2025-12-07,CUST-02302,Enterprise,North America,Referral,Enterprise,11553.29,99.0,2,0.0,Customer Referral,85,16.4,95
2025-12-07,CUST-02320,SMB,North America,Organic Search,Growth,656.38,83.5,0,0.0,Website SEO,15,5.0,75
2025-12-07,CUST-02335,SMB,North America,Organic Search,Starter,109.40,40.8,2,1.0,Website SEO,12,9.2,-17
2025-12-08,CUST-02254,SMB,North America,Organic Search,Growth,932.12,77.7,0,0.0,Blog,13,3.0,51
2025-12-08,CUST-02256,Mid-Market,North America,Paid Social,Growth,546.40,26.9,5,1.0,Meta Ads,23,23.0,-70
2025-12-08,CUST-02352,Enterprise,North America,Referral,Enterprise,23851.83,99.0,2,0.0,Customer Referral,86,0.9,81
2025-12-09,CUST-02314,SMB,Latin America,Paid Search,Growth,430.73,63.4,1,0.0,Google Ads,9,24.8,30
2025-12-09,CUST-02315,SMB,Europe,Paid Social,Growth,315.51,39.8,10,1.0,LinkedIn Ads,9,25.0,-66
2025-12-09,CUST-02322,Enterprise,North America,Partner,Enterprise,31003.49,80.9,2,0.0,Reseller,94,10.3,38
2025-12-09,CUST-02332,SMB,APAC,Paid Social,Growth,272.73,47.8,11,1.0,LinkedIn Ads,16,22.2,-44
2025-12-09,CUST-02367,SMB,APAC,Paid Search,Growth,576.37,32.1,6,0.0,Google Ads,9,18.7,-15
2025-12-09,CUST-02369,Enterprise,APAC,Paid Search,Enterprise,18014.25,60.5,3,0.0,Bing Ads,,23.9,
2025-12-10,CUST-02267,Mid-Market,Europe,Paid Search,Business,3865.74,83.1,0,0.0,Google Ads,,15.4,68
2025-12-10,CUST-02272,Mid-Market,Europe,Paid Search,Growth,682.79,63.5,4,1.0,Google Ads,35,11.0,
2025-12-10,CUST-02278,Mid-Market,APAC,Paid Search,Business,3322.25,61.7,2,0.0,Bing Ads,28,18.5,23
2025-12-10,CUST-02292,Enterprise,North America,Referral,Business,2010.53,78.3,2,0.0,Customer Referral,54,6.6,57
2025-12-10,CUST-02330,Enterprise,North America,Partner,Enterprise,12365.74,92.2,3,0.0,Solutions Partner,160,14.4,70
2025-12-10,CUST-02350,Enterprise,North America,Organic Search,Business,2261.69,99.0,3,0.0,Marketplace,74,14.6,68
2025-12-11,CUST-02276,Enterprise,Europe,Partner,Enterprise,27837.75,99.0,2,0.0,Reseller,89,12.1,89
2025-12-11,CUST-02295,SMB,APAC,Organic Search,Growth,300.84,91.2,4,0.0,Website SEO,13,3.9,68
2025-12-11,CUST-02301,SMB,Europe,Paid Search,Starter,211.23,21.5,8,1.0,Google Ads,10,20.8,-56
2025-12-11,CUST-02305,Enterprise,North America,Content,Enterprise,31622.85,93.7,2,0.0,Whitepaper,105,8.4,74
2025-12-11,CUST-02339,Enterprise,North America,Organic Search,Enterprise,24242.03,66.1,3,0.0,Blog,77,8.7,4
2025-12-11,CUST-02358,Enterprise,North America,Referral,Enterprise,83738.43,91.6,3,0.0,Customer Referral,122,31.7,52
2025-12-11,CUST-02375,SMB,North America,Paid Social,Starter,136.57,34.8,,0.0,Meta Ads,,27.4,-19
2025-12-12,CUST-02329,SMB,APAC,Referral,Starter,175.97,65.3,3,0.0,Customer Referral,,1.5,28
2025-12-12,CUST-02357,SMB,North America,Referral,Growth,658.05,74.3,4,1.0,Customer Referral,5,5.0,42
2025-12-12,CUST-02371,SMB,Middle East & Africa,Paid Search,Starter,162.75,50.9,2,0.0,Bing Ads,1,14.9,17
2025-12-14,CUST-02318,SMB,Europe,Content,Growth,700.68,63.9,2,0.0,Whitepaper,6,1.5,22
2025-12-14,CUST-02362,SMB,North America,Paid Social,Growth,743.93,28.4,4,0.0,Meta Ads,9,29.5,-23
2025-12-15,CUST-02313,SMB,APAC,Organic Search,Growth,560.86,59.5,4,0.0,Website SEO,21,0.0,2
2025-12-15,CUST-02316,Mid-Market,Europe,Paid Search,Business,4046.55,65.9,2,0.0,Google Ads,,14.1,44
2025-12-15,CUST-02349,Mid-Market,North America,Paid Social,Growth,684.13,46.8,,0.0,LinkedIn Ads,37,38.9,-6
2025-12-16,CUST-02297,Mid-Market,North America,Content,Enterprise,96685.92,85.8,3,0.0,Webinar,54,31.1,57
2025-12-16,CUST-02317,Enterprise,Europe,Organic Search,Business,3776.50,99.0,1,0.0,Website SEO,91,7.0,
2025-12-16,CUST-02345,Enterprise,Europe,Content,Enterprise,22666.60,90.5,,0.0,Newsletter,,15.1,78
2025-12-16,CUST-02346,Mid-Market,North America,Referral,Business,2578.03,99.0,1,0.0,Customer Referral,30,0.8,75
2025-12-17,CUST-02277,Mid-Market,Middle East & Africa,Content,Growth,542.53,83.6,4,0.0,Whitepaper,37,3.3,46
2025-12-17,CUST-02291,Mid-Market,APAC,Organic Search,Business,3679.53,51.2,2,0.0,Blog,39,4.6,3
2025-12-17,CUST-02298,SMB,Latin America,Partner,Growth,703.39,80.0,1,0.0,Solutions Partner,25,6.7,66
2025-12-17,CUST-02328,SMB,North America,Referral,Starter,251.91,68.9,0,0.0,Customer Referral,14,0.0,52
2025-12-17,CUST-02344,Enterprise,North America,Organic Search,Enterprise,10250.67,86.3,0,0.0,Website SEO,105,10.2,75
2025-12-17,CUST-02348,SMB,North America,Paid Search,Starter,120.10,55.1,3,0.0,Google Ads,,15.7,29
2025-12-17,CUST-02351,Enterprise,Europe,Paid Search,Enterprise,17669.11,64.2,7,1.0,Google Ads,123,30.2,
2025-12-17,CUST-02355,Mid-Market,Europe,Referral,Business,4355.36,99.0,4,0.0,Customer Referral,35,6.1,
2025-12-17,CUST-02356,SMB,Europe,Partner,Growth,766.50,59.2,3,0.0,Reseller,33,9.5,23
2025-12-17,CUST-02359,SMB,North America,Referral,Starter,135.20,60.6,4,1.0,Customer Referral,,2.4,-15
2025-12-18,CUST-02266,Mid-Market,APAC,Organic Search,Business,3387.67,78.4,5,0.0,Website SEO,,0.0,46
2025-12-18,CUST-02323,Mid-Market,Middle East & Africa,Paid Social,Growth,565.28,40.2,6,0.0,LinkedIn Ads,29,,-31
2025-12-18,CUST-02326,Enterprise,North America,Partner,Enterprise,91341.70,92.1,4,0.0,Reseller,,25.2,42
2025-12-18,CUST-02337,SMB,Europe,Organic Search,Starter,146.66,72.7,5,1.0,Blog,18,4.9,
2025-12-18,CUST-02343,SMB,North America,Paid Social,Starter,175.60,57.8,6,1.0,LinkedIn Ads,11,19.1,-19
2025-12-18,CUST-02364,SMB,North America,Paid Search,Business,2528.71,53.6,5,0.0,Google Ads,14,21.8,7
2025-12-19,CUST-02255,Enterprise,Europe,Content,Business,3308.50,87.3,1,0.0,Webinar,89,5.6,52
2025-12-19,CUST-02310,Mid-Market,North America,Referral,Growth,983.04,82.1,0,0.0,Customer Referral,29,3.7,69
2025-12-20,CUST-02284,SMB,Europe,Paid Social,Business,1091.13,56.2,4,1.0,LinkedIn Ads,8,25.7,4
2025-12-20,CUST-02327,Mid-Market,North America,Paid Search,Growth,784.55,59.8,5,0.0,Bing Ads,23,19.4,3
2025-12-20,CUST-02340,Enterprise,APAC,Content,Enterprise,21109.56,80.8,3,0.0,Whitepaper,64,11.1,63
2025-12-20,CUST-02363,Mid-Market,APAC,Referral,Growth,378.26,99.0,6,1.0,Customer Referral,,6.2,39
2025-12-20,CUST-02374,Mid-Market,North America,Paid Search,Business,2552.24,45.3,10,1.0,Google Ads,28,23.3,-36
2025-12-21,CUST-02270,SMB,North America,Paid Social,Starter,180.47,30.9,7,1.0,LinkedIn Ads,5,26.6,-52
2025-12-21,CUST-02274,SMB,North America,Organic Search,Starter,157.98,65.6,2,0.0,Website SEO,9,0.0,24
2025-12-21,CUST-02303,SMB,North America,Paid Search,Starter,162.64,55.0,4,0.0,Google Ads,10,26.4,18
2025-12-21,CUST-02308,Mid-Market,Middle East & Africa,Referral,Growth,433.71,97.2,2,0.0,Customer Referral,30,10.0,73
2025-12-21,CUST-02334,SMB,North America,Organic Search,Starter,142.34,61.5,3,0.0,Website SEO,14,11.9,30
2025-12-21,CUST-02360,Mid-Market,North America,Organic Search,Business,3423.87,99.0,1,0.0,Blog,21,0.0,
2025-12-22,CUST-02262,Mid-Market,Europe,Paid Social,Growth,528.11,31.4,7,0.0,Meta Ads,32,25.3,
2025-12-22,CUST-02273,SMB,North America,Paid Search,Starter,178.25,70.6,1,0.0,Google Ads,4,14.8,33
2025-12-22,CUST-02280,SMB,North America,Referral,Starter,115.20,67.3,0,0.0,Founder Network,12,7.1,41
2025-12-22,CUST-02285,Mid-Market,North America,Referral,Business,2049.10,97.1,3,0.0,Customer Referral,30,4.7,63
2025-12-22,CUST-02287,SMB,Europe,Organic Search,Starter,244.24,48.1,5,0.0,Website SEO,14,0.8,1
2025-12-22,CUST-02290,Mid-Market,North America,Organic Search,Business,4021.03,56.2,2,0.0,Blog,38,1.4,46
2025-12-22,CUST-02309,Enterprise,Europe,Partner,Enterprise,32495.51,68.4,6,1.0,Solutions Partner,80,15.9,
2025-12-23,CUST-02312,SMB,APAC,Organic Search,Growth,725.92,55.9,5,0.0,Website SEO,9,10.5,7
2025-12-24,CUST-02261,Mid-Market,Europe,Paid Social,Business,2406.11,52.3,5,1.0,Meta Ads,45,27.7,-21
2025-12-24,CUST-02289,Enterprise,Europe,Partner,Business,1757.00,99.0,2,0.0,Solutions Partner,105,15.4,67
2025-12-24,CUST-02299,SMB,North America,Paid Search,Growth,722.70,45.2,7,1.0,Google Ads,15,20.8,-3
2025-12-24,CUST-02341,Mid-Market,Latin America,Paid Search,Business,2956.88,49.4,3,0.0,Google Ads,30,15.3,-14
2025-12-24,CUST-02342,SMB,Europe,Content,Starter,86.13,64.5,0,0.0,Webinar,18,2.7,32
2025-12-25,CUST-02269,SMB,Europe,Referral,Growth,576.05,69.8,0,0.0,Customer Referral,17,12.3,37
2025-12-25,CUST-02271,Mid-Market,North America,Organic Search,Growth,1088.16,74.2,0,0.0,Blog,34,0.0,
2025-12-25,CUST-02300,Mid-Market,North America,Paid Social,Growth,607.96,23.7,7,0.0,Meta Ads,23,24.4,
2025-12-25,CUST-02365,SMB,North America,Paid Social,Starter,145.03,74.5,0,0.0,,4,24.1,
2025-12-26,CUST-02265,Enterprise,North America,Partner,Business,3907.38,,2,0.0,Solutions Partner,100,,58
2025-12-26,CUST-02307,SMB,North America,Organic Search,Starter,231.13,62.6,2,0.0,Marketplace,,4.9,19
2025-12-27,CUST-02368,SMB,APAC,Paid Social,Starter,155.49,29.3,35,1.0,LinkedIn Ads,,31.1,-36
2025-12-27,CUST-02370,SMB,North America,Organic Search,Business,2172.73,73.6,0,0.0,Website SEO,20,9.0,67
2025-12-28,CUST-02253,Mid-Market,APAC,Partner,Enterprise,17109.10,97.7,1,0.0,Solutions Partner,55,6.1,95
2025-12-28,CUST-02286,Enterprise,North America,Paid Search,Business,2088.94,70.4,0,0.0,Google Ads,62,13.7,40
2025-12-28,CUST-02333,Enterprise,Latin America,Organic Search,Enterprise,15972.04,99.0,4,0.0,Website SEO,106,7.7,58
2025-12-28,CUST-02361,SMB,North America,Paid Social,Starter,207.08,35.0,5,0.0,Retargeting,,26.7,
2025-12-28,CUST-02372,SMB,Latin America,Paid Social,Growth,403.22,20.5,5,0.0,Meta Ads,6,26.6,-72
2025-12-29,CUST-02263,SMB,Europe,Paid Social,Starter,81.03,52.3,8,0.0,LinkedIn Ads,,33.8,-9
2025-12-29,CUST-02288,Mid-Market,North America,Paid Search,Business,1888.51,56.2,5,0.0,Google Ads,40,18.5,-10
2025-12-29,CUST-02336,SMB,Europe,Referral,Growth,327.85,85.8,3,0.0,Founder Network,16,5.5,71
2025-12-29,CUST-02347,SMB,Europe,Paid Social,Growth,686.38,36.6,6,1.0,,6,29.1,-26
2025-12-30,CUST-02257,SMB,North America,Organic Search,Business,3905.55,77.0,3,0.0,Website SEO,14,0.0,57
2025-12-30,CUST-02268,Mid-Market,APAC,Paid Search,Business,1659.86,67.6,2,0.0,Google Ads,27,22.6,21
2025-12-30,CUST-02275,Mid-Market,APAC,Organic Search,Enterprise,14314.30,93.2,0,0.0,Website SEO,49,8.4,
2025-12-30,CUST-02279,SMB,North America,Paid Search,Starter,243.45,41.2,6,1.0,Google Ads,14,13.5,-51
2025-12-30,CUST-02331,Mid-Market,North America,Paid Search,Business,2575.68,58.3,2,0.0,Google Ads,44,23.0,15
2025-12-30,CUST-02353,SMB,North America,Paid Social,Starter,118.70,30.3,6,1.0,Meta Ads,,21.4,-52
2025-12-30,CUST-02373,Mid-Market,North America,Partner,Business,1867.91,99.0,0,0.0,Reseller,56,6.4,87
2025-12-31,CUST-02259,Enterprise,North America,Partner,Enterprise,24830.40,76.7,3,0.0,Solutions Partner,108,21.4,72
2025-12-31,CUST-02296,Mid-Market,North America,Paid Search,Business,2616.14,81.1,,0.0,Bing Ads,44,20.2,33
